,CountryCode_Language,CountryCode,Language,IsOfficial,Percentage,add_numerical
0,ABW_Dutch,ABW,Dutch,T,5.3,5.3
1,ABW_English,ABW,English,F,9.5,9.5
2,ABW_Papiamento,ABW,Papiamento,F,76.7,76.7
3,ABW_Spanish,ABW,Spanish,F,7.4,7.4
4,AFG_Balochi,AFG,Balochi,F,0.9,0.9
5,AFG_Dari,AFG,Dari,T,32.1,32.1
6,AFG_Pashto,AFG,Pashto,T,52.4,52.4
7,AFG_Turkmenian,AFG,Turkmenian,F,1.9,1.9
8,AFG_Uzbek,AFG,Uzbek,F,8.8,8.8
9,AGO_Ambo,AGO,Ambo,F,2.4,2.4
10,AGO_Chokwe,AGO,Chokwe,F,4.2,4.2
11,AGO_Kongo,AGO,Kongo,F,13.2,13.2
12,AGO_Luchazi,AGO,Luchazi,F,2.4,2.4
13,AGO_Luimbe-nganguela,AGO,Luimbe-nganguela,F,5.4,5.4
14,AGO_Luvale,AGO,Luvale,F,3.6,3.6
15,AGO_Mbundu,AGO,Mbundu,F,21.6,21.6
16,AGO_Nyaneka-nkhumbi,AGO,Nyaneka-nkhumbi,F,5.4,5.4
17,AGO_Ovimbundu,AGO,Ovimbundu,F,37.2,37.2
18,AIA_English,AIA,English,T,0.0,0.0
19,ALB_Albaniana,ALB,Albaniana,T,97.9,97.9
20,ALB_Greek,ALB,Greek,F,1.8,1.8
21,ALB_Macedonian,ALB,Macedonian,F,0.1,0.1
22,AND_Catalan,AND,Catalan,T,32.3,32.3
23,AND_French,AND,French,F,6.2,6.2
24,AND_Portuguese,AND,Portuguese,F,10.8,10.8
25,AND_Spanish,AND,Spanish,F,44.6,44.6
26,ANT_Dutch,ANT,Dutch,T,0.0,0.0
27,ANT_English,ANT,English,F,7.8,7.8
28,ANT_Papiamento,ANT,Papiamento,T,86.2,86.2
29,ARE_Arabic,ARE,Arabic,T,42.0,42.0
30,ARE_Hindi,ARE,Hindi,F,0.0,0.0
31,ARG_Indian Languages,ARG,Indian Languages,F,0.3,0.3
32,ARG_Italian,ARG,Italian,F,1.7,1.7
33,ARG_Spanish,ARG,Spanish,T,96.8,96.8
34,ARM_Armenian,ARM,Armenian,T,93.4,93.4
35,ARM_Azerbaijani,ARM,Azerbaijani,F,2.6,2.6
36,ASM_English,ASM,English,T,3.1,3.1
37,ASM_Samoan,ASM,Samoan,T,90.6,90.6
38,ASM_Tongan,ASM,Tongan,F,3.1,3.1
39,ATG_Creole English,ATG,Creole English,F,95.7,95.7
40,ATG_English,ATG,English,T,0.0,0.0
41,AUS_Arabic,AUS,Arabic,F,1.0,1.0
42,AUS_Canton Chinese,AUS,Canton Chinese,F,1.1,1.1
43,AUS_English,AUS,English,T,81.2,81.2
44,AUS_German,AUS,German,F,0.6,0.6
45,AUS_Greek,AUS,Greek,F,1.6,1.6
46,AUS_Italian,AUS,Italian,F,2.2,2.2
47,AUS_Serbo-Croatian,AUS,Serbo-Croatian,F,0.6,0.6
48,AUS_Vietnamese,AUS,Vietnamese,F,0.8,0.8
49,AUT_Czech,AUT,Czech,F,0.2,0.2
50,AUT_German,AUT,German,T,92.0,92.0
51,AUT_Hungarian,AUT,Hungarian,F,0.4,0.4
52,AUT_Polish,AUT,Polish,F,0.2,0.2
53,AUT_Romanian,AUT,Romanian,F,0.2,0.2
54,AUT_Serbo-Croatian,AUT,Serbo-Croatian,F,2.2,2.2
55,AUT_Slovene,AUT,Slovene,F,0.4,0.4
56,AUT_Turkish,AUT,Turkish,F,1.5,1.5
57,AZE_Armenian,AZE,Armenian,F,2.0,2.0
58,AZE_Azerbaijani,AZE,Azerbaijani,T,89.0,89.0
59,AZE_Lezgian,AZE,Lezgian,F,2.3,2.3
60,AZE_Russian,AZE,Russian,F,3.0,3.0
61,BDI_French,BDI,French,T,0.0,0.0
62,BDI_Kirundi,BDI,Kirundi,T,98.1,98.1
63,BDI_Swahili,BDI,Swahili,F,0.0,0.0
64,BEL_Arabic,BEL,Arabic,F,1.6,1.6
65,BEL_Dutch,BEL,Dutch,T,59.2,59.2
66,BEL_French,BEL,French,T,32.6,32.6
67,BEL_German,BEL,German,T,1.0,1.0
68,BEL_Italian,BEL,Italian,F,2.4,2.4
69,BEL_Turkish,BEL,Turkish,F,0.9,0.9
70,BEN_Adja,BEN,Adja,F,11.1,11.1
71,BEN_Aizo,BEN,Aizo,F,8.7,8.7
72,BEN_Bariba,BEN,Bariba,F,8.7,8.7
73,BEN_Fon,BEN,Fon,F,39.8,39.8
74,BEN_Ful,BEN,Ful,F,5.6,5.6
75,BEN_Joruba,BEN,Joruba,F,12.2,12.2
76,BEN_Somba,BEN,Somba,F,6.7,6.7
77,BFA_Busansi,BFA,Busansi,F,3.5,3.5
78,BFA_Dagara,BFA,Dagara,F,3.1,3.1
79,BFA_Dyula,BFA,Dyula,F,2.6,2.6
80,BFA_Ful,BFA,Ful,F,9.7,9.7
81,BFA_Gurma,BFA,Gurma,F,5.7,5.7
82,BFA_Mossi,BFA,Mossi,F,50.2,50.2
83,BGD_Bengali,BGD,Bengali,T,97.7,97.7
84,BGD_Chakma,BGD,Chakma,F,0.4,0.4
85,BGD_Garo,BGD,Garo,F,0.1,0.1
86,BGD_Khasi,BGD,Khasi,F,0.1,0.1
87,BGD_Marma,BGD,Marma,F,0.2,0.2
88,BGD_Santhali,BGD,Santhali,F,0.1,0.1
89,BGD_Tripuri,BGD,Tripuri,F,0.1,0.1
90,BGR_Bulgariana,BGR,Bulgariana,T,83.2,83.2
91,BGR_Macedonian,BGR,Macedonian,F,2.6,2.6
92,BGR_Romani,BGR,Romani,F,3.7,3.7
93,BGR_Turkish,BGR,Turkish,F,9.4,9.4
94,BHR_Arabic,BHR,Arabic,T,67.7,67.7
95,BHR_English,BHR,English,F,0.0,0.0
96,BHS_Creole English,BHS,Creole English,F,89.7,89.7
97,BHS_Creole French,BHS,Creole French,F,10.3,10.3
98,BIH_Serbo-Croatian,BIH,Serbo-Croatian,T,99.2,99.2
99,BLR_Belorussian,BLR,Belorussian,T,65.6,65.6
100,BLR_Polish,BLR,Polish,F,0.6,0.6
101,BLR_Russian,BLR,Russian,T,32.0,32.0
102,BLR_Ukrainian,BLR,Ukrainian,F,1.3,1.3
103,BLZ_English,BLZ,English,T,50.8,50.8
104,BLZ_Garifuna,BLZ,Garifuna,F,6.8,6.8
105,BLZ_Maya Languages,BLZ,Maya Languages,F,9.6,9.6
106,BLZ_Spanish,BLZ,Spanish,F,31.6,31.6
107,BMU_English,BMU,English,T,100.0,100.0
108,BOL_Aimará,BOL,Aimará,T,3.2,3.2
109,BOL_Guaraní,BOL,Guaraní,F,0.1,0.1
110,BOL_Ketšua,BOL,Ketšua,T,8.1,8.1
111,BOL_Spanish,BOL,Spanish,T,87.7,87.7
112,BRA_German,BRA,German,F,0.5,0.5
113,BRA_Indian Languages,BRA,Indian Languages,F,0.2,0.2
114,BRA_Italian,BRA,Italian,F,0.4,0.4
115,BRA_Japanese,BRA,Japanese,F,0.4,0.4
116,BRA_Portuguese,BRA,Portuguese,T,97.5,97.5
117,BRB_Bajan,BRB,Bajan,F,95.1,95.1
118,BRB_English,BRB,English,T,0.0,0.0
119,BRN_Chinese,BRN,Chinese,F,9.3,9.3
120,BRN_English,BRN,English,F,3.1,3.1
121,BRN_Malay,BRN,Malay,T,45.5,45.5
122,BRN_Malay-English,BRN,Malay-English,F,28.8,28.8
123,BTN_Asami,BTN,Asami,F,15.2,15.2
124,BTN_Dzongkha,BTN,Dzongkha,T,50.0,50.0
125,BTN_Nepali,BTN,Nepali,F,34.8,34.8
126,BWA_Khoekhoe,BWA,Khoekhoe,F,2.5,2.5
127,BWA_Ndebele,BWA,Ndebele,F,1.3,1.3
128,BWA_San,BWA,San,F,3.5,3.5
129,BWA_Shona,BWA,Shona,F,12.3,12.3
130,BWA_Tswana,BWA,Tswana,F,75.5,75.5
131,CAF_Banda,CAF,Banda,F,23.5,23.5
132,CAF_Gbaya,CAF,Gbaya,F,23.8,23.8
133,CAF_Mandjia,CAF,Mandjia,F,14.8,14.8
134,CAF_Mbum,CAF,Mbum,F,6.4,6.4
135,CAF_Ngbaka,CAF,Ngbaka,F,7.5,7.5
136,CAF_Sara,CAF,Sara,F,6.4,6.4
137,CAN_Chinese,CAN,Chinese,F,2.5,2.5
138,CAN_Dutch,CAN,Dutch,F,0.5,0.5
139,CAN_English,CAN,English,T,60.4,60.4
140,CAN_Eskimo Languages,CAN,Eskimo Languages,F,0.1,0.1
141,CAN_French,CAN,French,T,23.4,23.4
142,CAN_German,CAN,German,F,1.6,1.6
143,CAN_Italian,CAN,Italian,F,1.7,1.7
144,CAN_Polish,CAN,Polish,F,0.7,0.7
145,CAN_Portuguese,CAN,Portuguese,F,0.7,0.7
146,CAN_Punjabi,CAN,Punjabi,F,0.7,0.7
147,CAN_Spanish,CAN,Spanish,F,0.7,0.7
148,CAN_Ukrainian,CAN,Ukrainian,F,0.6,0.6
149,CCK_English,CCK,English,T,0.0,0.0
150,CCK_Malay,CCK,Malay,F,0.0,0.0
151,CHE_French,CHE,French,T,19.2,19.2
152,CHE_German,CHE,German,T,63.6,63.6
153,CHE_Italian,CHE,Italian,T,7.7,7.7
154,CHE_Romansh,CHE,Romansh,T,0.6,0.6
155,CHL_Aimará,CHL,Aimará,F,0.5,0.5
156,CHL_Araucan,CHL,Araucan,F,9.6,9.6
157,CHL_Rapa nui,CHL,Rapa nui,F,0.2,0.2
158,CHL_Spanish,CHL,Spanish,T,89.7,89.7
159,CHN_Chinese,CHN,Chinese,T,92.0,92.0
160,CHN_Dong,CHN,Dong,F,0.2,0.2
161,CHN_Hui,CHN,Hui,F,0.8,0.8
162,CHN_Mantšu,CHN,Mantšu,F,0.9,0.9
163,CHN_Miao,CHN,Miao,F,0.7,0.7
164,CHN_Mongolian,CHN,Mongolian,F,0.4,0.4
165,CHN_Puyi,CHN,Puyi,F,0.2,0.2
166,CHN_Tibetan,CHN,Tibetan,F,0.4,0.4
167,CHN_Tujia,CHN,Tujia,F,0.5,0.5
168,CHN_Uighur,CHN,Uighur,F,0.6,0.6
169,CHN_Yi,CHN,Yi,F,0.6,0.6
170,CHN_Zhuang,CHN,Zhuang,F,1.4,1.4
171,CIV_Akan,CIV,Akan,F,30.0,30.0
172,CIV_Gur,CIV,Gur,F,11.7,11.7
173,CIV_Kru,CIV,Kru,F,10.5,10.5
174,CIV_Malinke,CIV,Malinke,F,11.4,11.4
175,CIV_[South]Mande,CIV,[South]Mande,F,7.7,7.7
176,CMR_Bamileke-bamum,CMR,Bamileke-bamum,F,18.6,18.6
177,CMR_Duala,CMR,Duala,F,10.9,10.9
178,CMR_Fang,CMR,Fang,F,19.7,19.7
179,CMR_Ful,CMR,Ful,F,9.6,9.6
180,CMR_Maka,CMR,Maka,F,4.9,4.9
181,CMR_Mandara,CMR,Mandara,F,5.7,5.7
182,CMR_Masana,CMR,Masana,F,3.9,3.9
183,CMR_Tikar,CMR,Tikar,F,7.4,7.4
184,COD_Boa,COD,Boa,F,2.3,2.3
185,COD_Chokwe,COD,Chokwe,F,1.8,1.8
186,COD_Kongo,COD,Kongo,F,16.0,16.0
187,COD_Luba,COD,Luba,F,18.0,18.0
188,COD_Mongo,COD,Mongo,F,13.5,13.5
189,COD_Ngala and Bangi,COD,Ngala and Bangi,F,5.8,5.8
190,COD_Rundi,COD,Rundi,F,3.8,3.8
191,COD_Rwanda,COD,Rwanda,F,10.3,10.3
192,COD_Teke,COD,Teke,F,2.7,2.7
193,COD_Zande,COD,Zande,F,6.1,6.1
194,COG_Kongo,COG,Kongo,F,51.5,51.5
195,COG_Mbete,COG,Mbete,F,4.8,4.8
196,COG_Mboshi,COG,Mboshi,F,11.4,11.4
197,COG_Punu,COG,Punu,F,2.9,2.9
198,COG_Sango,COG,Sango,F,2.6,2.6
199,COG_Teke,COG,Teke,F,17.3,17.3
200,COK_English,COK,English,F,0.0,0.0
201,COK_Maori,COK,Maori,T,0.0,0.0
202,COL_Arawakan,COL,Arawakan,F,0.1,0.1
203,COL_Caribbean,COL,Caribbean,F,0.1,0.1
204,COL_Chibcha,COL,Chibcha,F,0.4,0.4
205,COL_Creole English,COL,Creole English,F,0.1,0.1
206,COL_Spanish,COL,Spanish,T,99.0,99.0
207,COM_Comorian,COM,Comorian,T,75.0,75.0
208,COM_Comorian-Arabic,COM,Comorian-Arabic,F,1.6,1.6
209,COM_Comorian-French,COM,Comorian-French,F,12.9,12.9
210,COM_Comorian-madagassi,COM,Comorian-madagassi,F,5.5,5.5
211,COM_Comorian-Swahili,COM,Comorian-Swahili,F,0.5,0.5
212,CPV_Crioulo,CPV,Crioulo,F,100.0,100.0
213,CPV_Portuguese,CPV,Portuguese,T,0.0,0.0
214,CRI_Chibcha,CRI,Chibcha,F,0.3,0.3
215,CRI_Chinese,CRI,Chinese,F,0.2,0.2
216,CRI_Creole English,CRI,Creole English,F,2.0,2.0
217,CRI_Spanish,CRI,Spanish,T,97.5,97.5
218,CUB_Spanish,CUB,Spanish,T,100.0,100.0
219,CXR_Chinese,CXR,Chinese,F,0.0,0.0
220,CXR_English,CXR,English,T,0.0,0.0
221,CYM_English,CYM,English,T,0.0,0.0
222,CYP_Greek,CYP,Greek,T,74.1,74.1
223,CYP_Turkish,CYP,Turkish,T,22.4,22.4
224,CZE_Czech,CZE,Czech,T,81.2,81.2
225,CZE_German,CZE,German,F,0.5,0.5
226,CZE_Hungarian,CZE,Hungarian,F,0.2,0.2
227,CZE_Moravian,CZE,Moravian,F,12.9,12.9
228,CZE_Polish,CZE,Polish,F,0.6,0.6
229,CZE_Romani,CZE,Romani,F,0.3,0.3
230,CZE_Silesiana,CZE,Silesiana,F,0.4,0.4
231,CZE_Slovak,CZE,Slovak,F,3.1,3.1
232,DEU_German,DEU,German,T,91.3,91.3
233,DEU_Greek,DEU,Greek,F,0.4,0.4
234,DEU_Italian,DEU,Italian,F,0.7,0.7
235,DEU_Polish,DEU,Polish,F,0.3,0.3
236,DEU_Southern Slavic Languages,DEU,Southern Slavic Languages,F,1.4,1.4
237,DEU_Turkish,DEU,Turkish,F,2.6,2.6
238,DJI_Afar,DJI,Afar,F,34.8,34.8
239,DJI_Arabic,DJI,Arabic,T,10.6,10.6
240,DJI_Somali,DJI,Somali,F,43.9,43.9
241,DMA_Creole English,DMA,Creole English,F,100.0,100.0
242,DMA_Creole French,DMA,Creole French,F,0.0,0.0
243,DNK_Arabic,DNK,Arabic,F,0.7,0.7
244,DNK_Danish,DNK,Danish,T,93.5,93.5
245,DNK_English,DNK,English,F,0.3,0.3
246,DNK_German,DNK,German,F,0.5,0.5
247,DNK_Norwegian,DNK,Norwegian,F,0.3,0.3
248,DNK_Swedish,DNK,Swedish,F,0.3,0.3
249,DNK_Turkish,DNK,Turkish,F,0.8,0.8
250,DOM_Creole French,DOM,Creole French,F,2.0,2.0
251,DOM_Spanish,DOM,Spanish,T,98.0,98.0
252,DZA_Arabic,DZA,Arabic,T,86.0,86.0
253,DZA_Berberi,DZA,Berberi,F,14.0,14.0
254,ECU_Ketšua,ECU,Ketšua,F,7.0,7.0
255,ECU_Spanish,ECU,Spanish,T,93.0,93.0
256,EGY_Arabic,EGY,Arabic,T,98.8,98.8
257,EGY_Sinaberberi,EGY,Sinaberberi,F,0.0,0.0
258,ERI_Afar,ERI,Afar,F,4.3,4.3
259,ERI_Bilin,ERI,Bilin,F,3.0,3.0
260,ERI_Hadareb,ERI,Hadareb,F,3.8,3.8
261,ERI_Saho,ERI,Saho,F,3.0,3.0
262,ERI_Tigre,ERI,Tigre,F,31.7,31.7
263,ERI_Tigrinja,ERI,Tigrinja,T,49.1,49.1
264,ESH_Arabic,ESH,Arabic,T,100.0,100.0
265,ESP_Basque,ESP,Basque,F,1.6,1.6
266,ESP_Catalan,ESP,Catalan,F,16.9,16.9
267,ESP_Galecian,ESP,Galecian,F,6.4,6.4
268,ESP_Spanish,ESP,Spanish,T,74.4,74.4
269,EST_Belorussian,EST,Belorussian,F,1.4,1.4
270,EST_Estonian,EST,Estonian,T,65.3,65.3
271,EST_Finnish,EST,Finnish,F,0.7,0.7
272,EST_Russian,EST,Russian,F,27.8,27.8
273,EST_Ukrainian,EST,Ukrainian,F,2.8,2.8
274,ETH_Amhara,ETH,Amhara,F,30.0,30.0
275,ETH_Gurage,ETH,Gurage,F,4.7,4.7
276,ETH_Oromo,ETH,Oromo,F,31.0,31.0
277,ETH_Sidamo,ETH,Sidamo,F,3.2,3.2
278,ETH_Somali,ETH,Somali,F,4.1,4.1
279,ETH_Tigrinja,ETH,Tigrinja,F,7.2,7.2
280,ETH_Walaita,ETH,Walaita,F,2.8,2.8
281,FIN_Estonian,FIN,Estonian,F,0.2,0.2
282,FIN_Finnish,FIN,Finnish,T,92.7,92.7
283,FIN_Russian,FIN,Russian,F,0.4,0.4
284,FIN_Saame,FIN,Saame,F,0.0,0.0
285,FIN_Swedish,FIN,Swedish,T,5.7,5.7
286,FJI_Fijian,FJI,Fijian,T,50.8,50.8
287,FJI_Hindi,FJI,Hindi,F,43.7,43.7
288,FLK_English,FLK,English,T,0.0,0.0
289,FRA_Arabic,FRA,Arabic,F,2.5,2.5
290,FRA_French,FRA,French,T,93.6,93.6
291,FRA_Italian,FRA,Italian,F,0.4,0.4
292,FRA_Portuguese,FRA,Portuguese,F,1.2,1.2
293,FRA_Spanish,FRA,Spanish,F,0.4,0.4
294,FRA_Turkish,FRA,Turkish,F,0.4,0.4
295,FRO_Danish,FRO,Danish,T,0.0,0.0
296,FRO_Faroese,FRO,Faroese,T,100.0,100.0
297,FSM_Kosrean,FSM,Kosrean,F,7.3,7.3
298,FSM_Mortlock,FSM,Mortlock,F,7.6,7.6
299,FSM_Pohnpei,FSM,Pohnpei,F,23.8,23.8
300,FSM_Trukese,FSM,Trukese,F,41.6,41.6
301,FSM_Wolea,FSM,Wolea,F,3.7,3.7
302,FSM_Yap,FSM,Yap,F,5.8,5.8
303,GAB_Fang,GAB,Fang,F,35.8,35.8
304,GAB_Mbete,GAB,Mbete,F,13.8,13.8
305,GAB_Mpongwe,GAB,Mpongwe,F,14.6,14.6
306,GAB_Punu-sira-nzebi,GAB,Punu-sira-nzebi,F,17.1,17.1
307,GBR_English,GBR,English,T,97.3,97.3
308,GBR_Gaeli,GBR,Gaeli,F,0.1,0.1
309,GBR_Kymri,GBR,Kymri,F,0.9,0.9
310,GEO_Abhyasi,GEO,Abhyasi,F,1.7,1.7
311,GEO_Armenian,GEO,Armenian,F,6.8,6.8
312,GEO_Azerbaijani,GEO,Azerbaijani,F,5.5,5.5
313,GEO_Georgiana,GEO,Georgiana,T,71.7,71.7
314,GEO_Osseetti,GEO,Osseetti,F,2.4,2.4
315,GEO_Russian,GEO,Russian,F,8.8,8.8
316,GHA_Akan,GHA,Akan,F,52.4,52.4
317,GHA_Ewe,GHA,Ewe,F,11.9,11.9
318,GHA_Ga-adangme,GHA,Ga-adangme,F,7.8,7.8
319,GHA_Gurma,GHA,Gurma,F,3.3,3.3
320,GHA_Joruba,GHA,Joruba,F,1.3,1.3
321,GHA_Mossi,GHA,Mossi,F,15.8,15.8
322,GIB_Arabic,GIB,Arabic,F,7.4,7.4
323,GIB_English,GIB,English,T,88.9,88.9
324,GIN_Ful,GIN,Ful,F,38.6,38.6
325,GIN_Kissi,GIN,Kissi,F,6.0,6.0
326,GIN_Kpelle,GIN,Kpelle,F,4.6,4.6
327,GIN_Loma,GIN,Loma,F,2.3,2.3
328,GIN_Malinke,GIN,Malinke,F,23.2,23.2
329,GIN_Susu,GIN,Susu,F,11.0,11.0
330,GIN_Yalunka,GIN,Yalunka,F,2.9,2.9
331,GLP_Creole French,GLP,Creole French,F,95.0,95.0
332,GLP_French,GLP,French,T,0.0,0.0
333,GMB_Diola,GMB,Diola,F,9.2,9.2
334,GMB_Ful,GMB,Ful,F,16.2,16.2
335,GMB_Malinke,GMB,Malinke,F,34.1,34.1
336,GMB_Soninke,GMB,Soninke,F,7.6,7.6
337,GMB_Wolof,GMB,Wolof,F,12.6,12.6
338,GNB_Balante,GNB,Balante,F,14.6,14.6
339,GNB_Crioulo,GNB,Crioulo,F,36.4,36.4
340,GNB_Ful,GNB,Ful,F,16.6,16.6
341,GNB_Malinke,GNB,Malinke,F,6.9,6.9
342,GNB_Mandyako,GNB,Mandyako,F,4.9,4.9
343,GNB_Portuguese,GNB,Portuguese,T,8.1,8.1
344,GNQ_Bubi,GNQ,Bubi,F,8.7,8.7
345,GNQ_Fang,GNQ,Fang,F,84.8,84.8
346,GRC_Greek,GRC,Greek,T,98.5,98.5
347,GRC_Turkish,GRC,Turkish,F,0.9,0.9
348,GRD_Creole English,GRD,Creole English,F,100.0,100.0
349,GRL_Danish,GRL,Danish,T,12.5,12.5
350,GRL_Greenlandic,GRL,Greenlandic,T,87.5,87.5
351,GTM_Cakchiquel,GTM,Cakchiquel,F,8.9,8.9
352,GTM_Kekchí,GTM,Kekchí,F,4.9,4.9
353,GTM_Mam,GTM,Mam,F,2.7,2.7
354,GTM_Quiché,GTM,Quiché,F,10.1,10.1
355,GTM_Spanish,GTM,Spanish,T,64.7,64.7
356,GUF_Creole French,GUF,Creole French,F,94.3,94.3
357,GUF_Indian Languages,GUF,Indian Languages,F,1.9,1.9
358,GUM_Chamorro,GUM,Chamorro,T,29.6,29.6
359,GUM_English,GUM,English,T,37.5,37.5
360,GUM_Japanese,GUM,Japanese,F,2.0,2.0
361,GUM_Korean,GUM,Korean,F,3.3,3.3
362,GUM_Philippene Languages,GUM,Philippene Languages,F,19.7,19.7
363,GUY_Arawakan,GUY,Arawakan,F,1.4,1.4
364,GUY_Caribbean,GUY,Caribbean,F,2.2,2.2
365,GUY_Creole English,GUY,Creole English,F,96.4,96.4
366,HKG_Canton Chinese,HKG,Canton Chinese,F,88.7,88.7
367,HKG_Chiu chau,HKG,Chiu chau,F,1.4,1.4
368,HKG_English,HKG,English,T,2.2,2.2
369,HKG_Fukien,HKG,Fukien,F,1.9,1.9
370,HKG_Hakka,HKG,Hakka,F,1.6,1.6
371,HND_Creole English,HND,Creole English,F,0.2,0.2
372,HND_Garifuna,HND,Garifuna,F,1.3,1.3
373,HND_Miskito,HND,Miskito,F,0.2,0.2
374,HND_Spanish,HND,Spanish,T,97.2,97.2
375,HRV_Serbo-Croatian,HRV,Serbo-Croatian,T,95.9,95.9
376,HRV_Slovene,HRV,Slovene,F,0.0,0.0
377,HTI_French,HTI,French,T,0.0,0.0
378,HTI_Haiti Creole,HTI,Haiti Creole,F,100.0,100.0
379,HUN_German,HUN,German,F,0.4,0.4
380,HUN_Hungarian,HUN,Hungarian,T,98.5,98.5
381,HUN_Romani,HUN,Romani,F,0.5,0.5
382,HUN_Romanian,HUN,Romanian,F,0.1,0.1
383,HUN_Serbo-Croatian,HUN,Serbo-Croatian,F,0.2,0.2
384,HUN_Slovak,HUN,Slovak,F,0.1,0.1
385,IDN_Bali,IDN,Bali,F,1.7,1.7
386,IDN_Banja,IDN,Banja,F,1.8,1.8
387,IDN_Batakki,IDN,Batakki,F,2.2,2.2
388,IDN_Bugi,IDN,Bugi,F,2.2,2.2
389,IDN_Javanese,IDN,Javanese,F,39.4,39.4
390,IDN_Madura,IDN,Madura,F,4.3,4.3
391,IDN_Malay,IDN,Malay,T,12.1,12.1
392,IDN_Minangkabau,IDN,Minangkabau,F,2.4,2.4
393,IDN_Sunda,IDN,Sunda,F,15.8,15.8
394,IND_Asami,IND,Asami,F,1.5,1.5
395,IND_Bengali,IND,Bengali,F,8.2,8.2
396,IND_Gujarati,IND,Gujarati,F,4.8,4.8
397,IND_Hindi,IND,Hindi,T,39.9,39.9
398,IND_Kannada,IND,Kannada,F,3.9,3.9
399,IND_Malajalam,IND,Malajalam,F,3.6,3.6
400,IND_Marathi,IND,Marathi,F,7.4,7.4
401,IND_Orija,IND,Orija,F,3.3,3.3
402,IND_Punjabi,IND,Punjabi,F,2.8,2.8
403,IND_Tamil,IND,Tamil,F,6.3,6.3
404,IND_Telugu,IND,Telugu,F,7.8,7.8
405,IND_Urdu,IND,Urdu,F,5.1,5.1
406,IRL_English,IRL,English,T,98.4,98.4
407,IRL_Irish,IRL,Irish,T,1.6,1.6
408,IRN_Arabic,IRN,Arabic,F,2.2,2.2
409,IRN_Azerbaijani,IRN,Azerbaijani,F,16.8,16.8
410,IRN_Bakhtyari,IRN,Bakhtyari,F,1.7,1.7
411,IRN_Balochi,IRN,Balochi,F,2.3,2.3
412,IRN_Gilaki,IRN,Gilaki,F,5.3,5.3
413,IRN_Kurdish,IRN,Kurdish,F,9.1,9.1
414,IRN_Luri,IRN,Luri,F,4.3,4.3
415,IRN_Mazandarani,IRN,Mazandarani,F,3.6,3.6
416,IRN_Persian,IRN,Persian,T,45.7,45.7
417,IRN_Turkmenian,IRN,Turkmenian,F,1.6,1.6
418,IRQ_Arabic,IRQ,Arabic,T,77.2,77.2
419,IRQ_Assyrian,IRQ,Assyrian,F,0.8,0.8
420,IRQ_Azerbaijani,IRQ,Azerbaijani,F,1.7,1.7
421,IRQ_Kurdish,IRQ,Kurdish,F,19.0,19.0
422,IRQ_Persian,IRQ,Persian,F,0.8,0.8
423,ISL_English,ISL,English,F,0.0,0.0
424,ISL_Icelandic,ISL,Icelandic,T,95.7,95.7
425,ISR_Arabic,ISR,Arabic,T,18.0,18.0
426,ISR_Hebrew,ISR,Hebrew,T,63.1,63.1
427,ISR_Russian,ISR,Russian,F,8.9,8.9
428,ITA_Albaniana,ITA,Albaniana,F,0.2,0.2
429,ITA_French,ITA,French,F,0.5,0.5
430,ITA_Friuli,ITA,Friuli,F,1.2,1.2
431,ITA_German,ITA,German,F,0.5,0.5
432,ITA_Italian,ITA,Italian,T,94.1,94.1
433,ITA_Romani,ITA,Romani,F,0.2,0.2
434,ITA_Sardinian,ITA,Sardinian,F,2.7,2.7
435,ITA_Slovene,ITA,Slovene,F,0.2,0.2
436,JAM_Creole English,JAM,Creole English,F,94.2,94.2
437,JAM_Hindi,JAM,Hindi,F,1.9,1.9
438,JOR_Arabic,JOR,Arabic,T,97.9,97.9
439,JOR_Armenian,JOR,Armenian,F,1.0,1.0
440,JOR_Circassian,JOR,Circassian,F,1.0,1.0
441,JPN_Ainu,JPN,Ainu,F,0.0,0.0
442,JPN_Chinese,JPN,Chinese,F,0.2,0.2
443,JPN_English,JPN,English,F,0.1,0.1
444,JPN_Japanese,JPN,Japanese,T,99.1,99.1
445,JPN_Korean,JPN,Korean,F,0.5,0.5
446,JPN_Philippene Languages,JPN,Philippene Languages,F,0.1,0.1
447,KAZ_German,KAZ,German,F,3.1,3.1
448,KAZ_Kazakh,KAZ,Kazakh,T,46.0,46.0
449,KAZ_Russian,KAZ,Russian,F,34.7,34.7
450,KAZ_Tatar,KAZ,Tatar,F,2.0,2.0
451,KAZ_Ukrainian,KAZ,Ukrainian,F,5.0,5.0
452,KAZ_Uzbek,KAZ,Uzbek,F,2.3,2.3
453,KEN_Gusii,KEN,Gusii,F,6.1,6.1
454,KEN_Kalenjin,KEN,Kalenjin,F,10.8,10.8
455,KEN_Kamba,KEN,Kamba,F,11.2,11.2
456,KEN_Kikuyu,KEN,Kikuyu,F,20.9,20.9
457,KEN_Luhya,KEN,Luhya,F,13.8,13.8
458,KEN_Luo,KEN,Luo,F,12.8,12.8
459,KEN_Masai,KEN,Masai,F,1.6,1.6
460,KEN_Meru,KEN,Meru,F,5.5,5.5
461,KEN_Nyika,KEN,Nyika,F,4.8,4.8
462,KEN_Turkana,KEN,Turkana,F,1.4,1.4
463,KGZ_Kazakh,KGZ,Kazakh,F,0.8,0.8
464,KGZ_Kirgiz,KGZ,Kirgiz,T,59.7,59.7
465,KGZ_Russian,KGZ,Russian,T,16.2,16.2
466,KGZ_Tadzhik,KGZ,Tadzhik,F,0.8,0.8
467,KGZ_Tatar,KGZ,Tatar,F,1.3,1.3
468,KGZ_Ukrainian,KGZ,Ukrainian,F,1.7,1.7
469,KGZ_Uzbek,KGZ,Uzbek,F,14.1,14.1
470,KHM_Chinese,KHM,Chinese,F,3.1,3.1
471,KHM_Khmer,KHM,Khmer,T,88.6,88.6
472,KHM_Tšam,KHM,Tšam,F,2.4,2.4
473,KHM_Vietnamese,KHM,Vietnamese,F,5.5,5.5
474,KIR_Kiribati,KIR,Kiribati,T,98.9,98.9
475,KIR_Tuvalu,KIR,Tuvalu,F,0.5,0.5
476,KNA_Creole English,KNA,Creole English,F,100.0,100.0
477,KNA_English,KNA,English,T,0.0,0.0
478,KOR_Chinese,KOR,Chinese,F,0.1,0.1
479,KOR_Korean,KOR,Korean,T,99.9,99.9
480,KWT_Arabic,KWT,Arabic,T,78.1,78.1
481,KWT_English,KWT,English,F,0.0,0.0
482,LAO_Lao,LAO,Lao,T,67.2,67.2
483,LAO_Lao-Soung,LAO,Lao-Soung,F,5.2,5.2
484,LAO_Mon-khmer,LAO,Mon-khmer,F,16.5,16.5
485,LAO_Thai,LAO,Thai,F,7.8,7.8
486,LBN_Arabic,LBN,Arabic,T,93.0,93.0
487,LBN_Armenian,LBN,Armenian,F,5.9,5.9
488,LBN_French,LBN,French,F,0.0,0.0
489,LBR_Bassa,LBR,Bassa,F,13.7,13.7
490,LBR_Gio,LBR,Gio,F,7.9,7.9
491,LBR_Grebo,LBR,Grebo,F,8.9,8.9
492,LBR_Kpelle,LBR,Kpelle,F,19.5,19.5
493,LBR_Kru,LBR,Kru,F,7.2,7.2
494,LBR_Loma,LBR,Loma,F,5.8,5.8
495,LBR_Malinke,LBR,Malinke,F,5.1,5.1
496,LBR_Mano,LBR,Mano,F,7.2,7.2
497,LBY_Arabic,LBY,Arabic,T,96.0,96.0
498,LBY_Berberi,LBY,Berberi,F,1.0,1.0
499,LCA_Creole French,LCA,Creole French,F,80.0,80.0
500,LCA_English,LCA,English,T,20.0,20.0
501,LIE_German,LIE,German,T,89.0,89.0
502,LIE_Italian,LIE,Italian,F,2.5,2.5
503,LIE_Turkish,LIE,Turkish,F,2.5,2.5
504,LKA_Mixed Languages,LKA,Mixed Languages,F,19.6,19.6
505,LKA_Singali,LKA,Singali,T,60.3,60.3
506,LKA_Tamil,LKA,Tamil,T,19.6,19.6
507,LSO_English,LSO,English,T,0.0,0.0
508,LSO_Sotho,LSO,Sotho,T,85.0,85.0
509,LSO_Zulu,LSO,Zulu,F,15.0,15.0
510,LTU_Belorussian,LTU,Belorussian,F,1.4,1.4
511,LTU_Lithuanian,LTU,Lithuanian,T,81.6,81.6
512,LTU_Polish,LTU,Polish,F,7.0,7.0
513,LTU_Russian,LTU,Russian,F,8.1,8.1
514,LTU_Ukrainian,LTU,Ukrainian,F,1.1,1.1
515,LUX_French,LUX,French,T,4.2,4.2
516,LUX_German,LUX,German,T,2.3,2.3
517,LUX_Italian,LUX,Italian,F,4.6,4.6
518,LUX_Luxembourgish,LUX,Luxembourgish,T,64.4,64.4
519,LUX_Portuguese,LUX,Portuguese,F,13.0,13.0
520,LVA_Belorussian,LVA,Belorussian,F,4.1,4.1
521,LVA_Latvian,LVA,Latvian,T,55.1,55.1
522,LVA_Lithuanian,LVA,Lithuanian,F,1.2,1.2
523,LVA_Polish,LVA,Polish,F,2.1,2.1
524,LVA_Russian,LVA,Russian,F,32.5,32.5
525,LVA_Ukrainian,LVA,Ukrainian,F,2.9,2.9
526,MAC_Canton Chinese,MAC,Canton Chinese,F,85.6,85.6
527,MAC_English,MAC,English,F,0.5,0.5
528,MAC_Mandarin Chinese,MAC,Mandarin Chinese,F,1.2,1.2
529,MAC_Portuguese,MAC,Portuguese,T,2.3,2.3
530,MAR_Arabic,MAR,Arabic,T,65.0,65.0
531,MAR_Berberi,MAR,Berberi,F,33.0,33.0
532,MCO_English,MCO,English,F,6.5,6.5
533,MCO_French,MCO,French,T,41.9,41.9
534,MCO_Italian,MCO,Italian,F,16.1,16.1
535,MCO_Monegasque,MCO,Monegasque,F,16.1,16.1
536,MDA_Bulgariana,MDA,Bulgariana,F,1.6,1.6
537,MDA_Gagauzi,MDA,Gagauzi,F,3.2,3.2
538,MDA_Romanian,MDA,Romanian,T,61.9,61.9
539,MDA_Russian,MDA,Russian,F,23.2,23.2
540,MDA_Ukrainian,MDA,Ukrainian,F,8.6,8.6
541,MDG_French,MDG,French,T,0.0,0.0
542,MDG_Malagasy,MDG,Malagasy,T,98.9,98.9
543,MDV_Dhivehi,MDV,Dhivehi,T,100.0,100.0
544,MDV_English,MDV,English,F,0.0,0.0
545,MEX_Mixtec,MEX,Mixtec,F,0.6,0.6
546,MEX_Náhuatl,MEX,Náhuatl,F,1.8,1.8
547,MEX_Otomí,MEX,Otomí,F,0.4,0.4
548,MEX_Spanish,MEX,Spanish,T,92.1,92.1
549,MEX_Yucatec,MEX,Yucatec,F,1.1,1.1
550,MEX_Zapotec,MEX,Zapotec,F,0.6,0.6
551,MHL_English,MHL,English,T,0.0,0.0
552,MHL_Marshallese,MHL,Marshallese,T,96.8,96.8
553,MKD_Albaniana,MKD,Albaniana,F,22.9,22.9
554,MKD_Macedonian,MKD,Macedonian,T,66.5,66.5
555,MKD_Romani,MKD,Romani,F,2.3,2.3
556,MKD_Serbo-Croatian,MKD,Serbo-Croatian,F,2.0,2.0
557,MKD_Turkish,MKD,Turkish,F,4.0,4.0
558,MLI_Bambara,MLI,Bambara,F,31.8,31.8
559,MLI_Ful,MLI,Ful,F,13.9,13.9
560,MLI_Senufo and Minianka,MLI,Senufo and Minianka,F,12.0,12.0
561,MLI_Songhai,MLI,Songhai,F,6.9,6.9
562,MLI_Soninke,MLI,Soninke,F,8.7,8.7
563,MLI_Tamashek,MLI,Tamashek,F,7.3,7.3
564,MLT_English,MLT,English,T,2.1,2.1
565,MLT_Maltese,MLT,Maltese,T,95.8,95.8
566,MMR_Burmese,MMR,Burmese,T,69.0,69.0
567,MMR_Chin,MMR,Chin,F,2.2,2.2
568,MMR_Kachin,MMR,Kachin,F,1.4,1.4
569,MMR_Karen,MMR,Karen,F,6.2,6.2
570,MMR_Kayah,MMR,Kayah,F,0.4,0.4
571,MMR_Mon,MMR,Mon,F,2.4,2.4
572,MMR_Rakhine,MMR,Rakhine,F,4.5,4.5
573,MMR_Shan,MMR,Shan,F,8.5,8.5
574,MNG_Bajad,MNG,Bajad,F,1.9,1.9
575,MNG_Buryat,MNG,Buryat,F,1.7,1.7
576,MNG_Dariganga,MNG,Dariganga,F,1.4,1.4
577,MNG_Dorbet,MNG,Dorbet,F,2.7,2.7
578,MNG_Kazakh,MNG,Kazakh,F,5.9,5.9
579,MNG_Mongolian,MNG,Mongolian,T,78.8,78.8
580,MNP_Carolinian,MNP,Carolinian,F,4.8,4.8
581,MNP_Chamorro,MNP,Chamorro,F,30.0,30.0
582,MNP_Chinese,MNP,Chinese,F,7.1,7.1
583,MNP_English,MNP,English,T,4.8,4.8
584,MNP_Korean,MNP,Korean,F,6.5,6.5
585,MNP_Philippene Languages,MNP,Philippene Languages,F,34.1,34.1
586,MOZ_Chuabo,MOZ,Chuabo,F,5.7,5.7
587,MOZ_Lomwe,MOZ,Lomwe,F,7.8,7.8
588,MOZ_Makua,MOZ,Makua,F,27.8,27.8
589,MOZ_Marendje,MOZ,Marendje,F,3.5,3.5
590,MOZ_Nyanja,MOZ,Nyanja,F,3.3,3.3
591,MOZ_Ronga,MOZ,Ronga,F,3.7,3.7
592,MOZ_Sena,MOZ,Sena,F,9.4,9.4
593,MOZ_Shona,MOZ,Shona,F,6.5,6.5
594,MOZ_Tsonga,MOZ,Tsonga,F,12.4,12.4
595,MOZ_Tswa,MOZ,Tswa,F,6.0,6.0
596,MRT_Ful,MRT,Ful,F,1.2,1.2
597,MRT_Hassaniya,MRT,Hassaniya,F,81.7,81.7
598,MRT_Soninke,MRT,Soninke,F,2.7,2.7
599,MRT_Tukulor,MRT,Tukulor,F,5.4,5.4
600,MRT_Wolof,MRT,Wolof,F,6.6,6.6
601,MRT_Zenaga,MRT,Zenaga,F,1.2,1.2
602,MSR_English,MSR,English,T,0.0,0.0
603,MTQ_Creole French,MTQ,Creole French,F,96.6,96.6
604,MTQ_French,MTQ,French,T,0.0,0.0
605,MUS_Bhojpuri,MUS,Bhojpuri,F,21.1,21.1
606,MUS_Creole French,MUS,Creole French,F,70.6,70.6
607,MUS_French,MUS,French,F,3.4,3.4
608,MUS_Hindi,MUS,Hindi,F,1.2,1.2
609,MUS_Marathi,MUS,Marathi,F,0.7,0.7
610,MUS_Tamil,MUS,Tamil,F,0.8,0.8
611,MWI_Chichewa,MWI,Chichewa,T,58.3,58.3
612,MWI_Lomwe,MWI,Lomwe,F,18.4,18.4
613,MWI_Ngoni,MWI,Ngoni,F,6.7,6.7
614,MWI_Yao,MWI,Yao,F,13.2,13.2
615,MYS_Chinese,MYS,Chinese,F,9.0,9.0
616,MYS_Dusun,MYS,Dusun,F,1.1,1.1
617,MYS_English,MYS,English,F,1.6,1.6
618,MYS_Iban,MYS,Iban,F,2.8,2.8
619,MYS_Malay,MYS,Malay,T,58.4,58.4
620,MYS_Tamil,MYS,Tamil,F,3.9,3.9
621,MYT_French,MYT,French,T,20.3,20.3
622,MYT_Mahoré,MYT,Mahoré,F,41.9,41.9
623,MYT_Malagasy,MYT,Malagasy,F,16.1,16.1
624,NAM_Afrikaans,NAM,Afrikaans,F,9.5,9.5
625,NAM_Caprivi,NAM,Caprivi,F,4.7,4.7
626,NAM_German,NAM,German,F,0.9,0.9
627,NAM_Herero,NAM,Herero,F,8.0,8.0
628,NAM_Kavango,NAM,Kavango,F,9.7,9.7
629,NAM_Nama,NAM,Nama,F,12.4,12.4
630,NAM_Ovambo,NAM,Ovambo,F,50.7,50.7
631,NAM_San,NAM,San,F,1.9,1.9
632,NCL_French,NCL,French,T,34.3,34.3
633,NCL_Malenasian Languages,NCL,Malenasian Languages,F,45.4,45.4
634,NCL_Polynesian Languages,NCL,Polynesian Languages,F,11.6,11.6
635,NER_Ful,NER,Ful,F,9.7,9.7
636,NER_Hausa,NER,Hausa,F,53.1,53.1
637,NER_Kanuri,NER,Kanuri,F,4.4,4.4
638,NER_Songhai-zerma,NER,Songhai-zerma,F,21.2,21.2
639,NER_Tamashek,NER,Tamashek,F,10.4,10.4
640,NFK_English,NFK,English,T,0.0,0.0
641,NGA_Bura,NGA,Bura,F,1.6,1.6
642,NGA_Edo,NGA,Edo,F,3.3,3.3
643,NGA_Ful,NGA,Ful,F,11.3,11.3
644,NGA_Hausa,NGA,Hausa,F,21.1,21.1
645,NGA_Ibibio,NGA,Ibibio,F,5.6,5.6
646,NGA_Ibo,NGA,Ibo,F,18.1,18.1
647,NGA_Ijo,NGA,Ijo,F,1.8,1.8
648,NGA_Joruba,NGA,Joruba,F,21.4,21.4
649,NGA_Kanuri,NGA,Kanuri,F,4.1,4.1
650,NGA_Tiv,NGA,Tiv,F,2.3,2.3
651,NIC_Creole English,NIC,Creole English,F,0.5,0.5
652,NIC_Miskito,NIC,Miskito,F,1.6,1.6
653,NIC_Spanish,NIC,Spanish,T,97.6,97.6
654,NIC_Sumo,NIC,Sumo,F,0.2,0.2
655,NIU_English,NIU,English,T,0.0,0.0
656,NIU_Niue,NIU,Niue,F,0.0,0.0
657,NLD_Arabic,NLD,Arabic,F,0.9,0.9
658,NLD_Dutch,NLD,Dutch,T,95.6,95.6
659,NLD_Fries,NLD,Fries,F,3.7,3.7
660,NLD_Turkish,NLD,Turkish,F,0.8,0.8
661,NOR_Danish,NOR,Danish,F,0.4,0.4
662,NOR_English,NOR,English,F,0.5,0.5
663,NOR_Norwegian,NOR,Norwegian,T,96.6,96.6
664,NOR_Saame,NOR,Saame,F,0.0,0.0
665,NOR_Swedish,NOR,Swedish,F,0.3,0.3
666,NPL_Bhojpuri,NPL,Bhojpuri,F,7.5,7.5
667,NPL_Hindi,NPL,Hindi,F,3.0,3.0
668,NPL_Maithili,NPL,Maithili,F,11.9,11.9
669,NPL_Nepali,NPL,Nepali,T,50.4,50.4
670,NPL_Newari,NPL,Newari,F,3.7,3.7
671,NPL_Tamang,NPL,Tamang,F,4.9,4.9
672,NPL_Tharu,NPL,Tharu,F,5.4,5.4
673,NRU_Chinese,NRU,Chinese,F,8.5,8.5
674,NRU_English,NRU,English,T,7.5,7.5
675,NRU_Kiribati,NRU,Kiribati,F,17.9,17.9
676,NRU_Nauru,NRU,Nauru,T,57.5,57.5
677,NRU_Tuvalu,NRU,Tuvalu,F,8.5,8.5
678,NZL_English,NZL,English,T,87.0,87.0
679,NZL_Maori,NZL,Maori,F,4.3,4.3
680,OMN_Arabic,OMN,Arabic,T,76.7,76.7
681,OMN_Balochi,OMN,Balochi,F,0.0,0.0
682,PAK_Balochi,PAK,Balochi,F,3.0,3.0
683,PAK_Brahui,PAK,Brahui,F,1.2,1.2
684,PAK_Hindko,PAK,Hindko,F,2.4,2.4
685,PAK_Pashto,PAK,Pashto,F,13.1,13.1
686,PAK_Punjabi,PAK,Punjabi,F,48.2,48.2
687,PAK_Saraiki,PAK,Saraiki,F,9.8,9.8
688,PAK_Sindhi,PAK,Sindhi,F,11.8,11.8
689,PAK_Urdu,PAK,Urdu,T,7.6,7.6
690,PAN_Arabic,PAN,Arabic,F,0.6,0.6
691,PAN_Creole English,PAN,Creole English,F,14.0,14.0
692,PAN_Cuna,PAN,Cuna,F,2.0,2.0
693,PAN_Embera,PAN,Embera,F,0.6,0.6
694,PAN_Guaymí,PAN,Guaymí,F,5.3,5.3
695,PAN_Spanish,PAN,Spanish,T,76.8,76.8
696,PCN_Pitcairnese,PCN,Pitcairnese,F,0.0,0.0
697,PER_Aimará,PER,Aimará,T,2.3,2.3
698,PER_Ketšua,PER,Ketšua,T,16.4,16.4
699,PER_Spanish,PER,Spanish,T,79.8,79.8
700,PHL_Bicol,PHL,Bicol,F,5.7,5.7
701,PHL_Cebuano,PHL,Cebuano,F,23.3,23.3
702,PHL_Hiligaynon,PHL,Hiligaynon,F,9.1,9.1
703,PHL_Ilocano,PHL,Ilocano,F,9.3,9.3
704,PHL_Maguindanao,PHL,Maguindanao,F,1.4,1.4
705,PHL_Maranao,PHL,Maranao,F,1.3,1.3
706,PHL_Pampango,PHL,Pampango,F,3.0,3.0
707,PHL_Pangasinan,PHL,Pangasinan,F,1.8,1.8
708,PHL_Pilipino,PHL,Pilipino,T,29.3,29.3
709,PHL_Waray-waray,PHL,Waray-waray,F,3.8,3.8
710,PLW_Chinese,PLW,Chinese,F,1.6,1.6
711,PLW_English,PLW,English,T,3.2,3.2
712,PLW_Palau,PLW,Palau,T,82.2,82.2
713,PLW_Philippene Languages,PLW,Philippene Languages,F,9.2,9.2
714,PNG_Malenasian Languages,PNG,Malenasian Languages,F,20.0,20.0
715,PNG_Papuan Languages,PNG,Papuan Languages,F,78.1,78.1
716,POL_Belorussian,POL,Belorussian,F,0.5,0.5
717,POL_German,POL,German,F,1.3,1.3
718,POL_Polish,POL,Polish,T,97.6,97.6
719,POL_Ukrainian,POL,Ukrainian,F,0.6,0.6
720,PRI_English,PRI,English,F,47.4,47.4
721,PRI_Spanish,PRI,Spanish,T,51.3,51.3
722,PRK_Chinese,PRK,Chinese,F,0.1,0.1
723,PRK_Korean,PRK,Korean,T,99.9,99.9
724,PRT_Portuguese,PRT,Portuguese,T,99.0,99.0
725,PRY_German,PRY,German,F,0.9,0.9
726,PRY_Guaraní,PRY,Guaraní,T,40.1,40.1
727,PRY_Portuguese,PRY,Portuguese,F,3.2,3.2
728,PRY_Spanish,PRY,Spanish,T,55.1,55.1
729,PSE_Arabic,PSE,Arabic,F,95.9,95.9
730,PSE_Hebrew,PSE,Hebrew,F,4.1,4.1
731,PYF_Chinese,PYF,Chinese,F,2.9,2.9
732,PYF_French,PYF,French,T,40.8,40.8
733,PYF_Tahitian,PYF,Tahitian,F,46.4,46.4
734,QAT_Arabic,QAT,Arabic,T,40.7,40.7
735,QAT_Urdu,QAT,Urdu,F,0.0,0.0
736,REU_Chinese,REU,Chinese,F,2.8,2.8
737,REU_Comorian,REU,Comorian,F,2.8,2.8
738,REU_Creole French,REU,Creole French,F,91.5,91.5
739,REU_Malagasy,REU,Malagasy,F,1.4,1.4
740,REU_Tamil,REU,Tamil,F,0.0,0.0
741,ROM_German,ROM,German,F,0.4,0.4
742,ROM_Hungarian,ROM,Hungarian,F,7.2,7.2
743,ROM_Romani,ROM,Romani,T,0.7,0.7
744,ROM_Romanian,ROM,Romanian,T,90.7,90.7
745,ROM_Serbo-Croatian,ROM,Serbo-Croatian,F,0.1,0.1
746,ROM_Ukrainian,ROM,Ukrainian,F,0.3,0.3
747,RUS_Avarian,RUS,Avarian,F,0.4,0.4
748,RUS_Bashkir,RUS,Bashkir,F,0.7,0.7
749,RUS_Belorussian,RUS,Belorussian,F,0.3,0.3
750,RUS_Chechen,RUS,Chechen,F,0.6,0.6
751,RUS_Chuvash,RUS,Chuvash,F,0.9,0.9
752,RUS_Kazakh,RUS,Kazakh,F,0.4,0.4
753,RUS_Mari,RUS,Mari,F,0.4,0.4
754,RUS_Mordva,RUS,Mordva,F,0.5,0.5
755,RUS_Russian,RUS,Russian,T,86.6,86.6
756,RUS_Tatar,RUS,Tatar,F,3.2,3.2
757,RUS_Udmur,RUS,Udmur,F,0.3,0.3
758,RUS_Ukrainian,RUS,Ukrainian,F,1.3,1.3
759,RWA_French,RWA,French,T,0.0,0.0
760,RWA_Rwanda,RWA,Rwanda,T,100.0,100.0
761,SAU_Arabic,SAU,Arabic,T,95.0,95.0
762,SDN_Arabic,SDN,Arabic,T,49.4,49.4
763,SDN_Bari,SDN,Bari,F,2.5,2.5
764,SDN_Beja,SDN,Beja,F,6.4,6.4
765,SDN_Chilluk,SDN,Chilluk,F,1.7,1.7
766,SDN_Dinka,SDN,Dinka,F,11.5,11.5
767,SDN_Fur,SDN,Fur,F,2.1,2.1
768,SDN_Lotuko,SDN,Lotuko,F,1.5,1.5
769,SDN_Nubian Languages,SDN,Nubian Languages,F,8.1,8.1
770,SDN_Nuer,SDN,Nuer,F,4.9,4.9
771,SDN_Zande,SDN,Zande,F,2.7,2.7
772,SEN_Diola,SEN,Diola,F,5.0,5.0
773,SEN_Ful,SEN,Ful,F,21.7,21.7
774,SEN_Malinke,SEN,Malinke,F,3.8,3.8
775,SEN_Serer,SEN,Serer,F,12.5,12.5
776,SEN_Soninke,SEN,Soninke,F,1.3,1.3
777,SEN_Wolof,SEN,Wolof,T,48.1,48.1
778,SGP_Chinese,SGP,Chinese,T,77.1,77.1
779,SGP_Malay,SGP,Malay,T,14.1,14.1
780,SGP_Tamil,SGP,Tamil,T,7.4,7.4
781,SHN_English,SHN,English,T,0.0,0.0
782,SJM_Norwegian,SJM,Norwegian,T,0.0,0.0
783,SJM_Russian,SJM,Russian,F,0.0,0.0
784,SLB_Malenasian Languages,SLB,Malenasian Languages,F,85.6,85.6
785,SLB_Papuan Languages,SLB,Papuan Languages,F,8.6,8.6
786,SLB_Polynesian Languages,SLB,Polynesian Languages,F,3.8,3.8
787,SLE_Bullom-sherbro,SLE,Bullom-sherbro,F,3.8,3.8
788,SLE_Ful,SLE,Ful,F,3.8,3.8
789,SLE_Kono-vai,SLE,Kono-vai,F,5.1,5.1
790,SLE_Kuranko,SLE,Kuranko,F,3.4,3.4
791,SLE_Limba,SLE,Limba,F,8.3,8.3
792,SLE_Mende,SLE,Mende,F,34.8,34.8
793,SLE_Temne,SLE,Temne,F,31.8,31.8
794,SLE_Yalunka,SLE,Yalunka,F,3.4,3.4
795,SLV_Nahua,SLV,Nahua,F,0.0,0.0
796,SLV_Spanish,SLV,Spanish,T,100.0,100.0
797,SMR_Italian,SMR,Italian,T,100.0,100.0
798,SOM_Arabic,SOM,Arabic,T,0.0,0.0
799,SOM_Somali,SOM,Somali,T,98.3,98.3
800,SPM_French,SPM,French,T,0.0,0.0
801,STP_Crioulo,STP,Crioulo,F,86.3,86.3
802,STP_French,STP,French,F,0.7,0.7
803,SUR_Hindi,SUR,Hindi,F,0.0,0.0
804,SUR_Sranantonga,SUR,Sranantonga,F,81.0,81.0
805,SVK_Czech and Moravian,SVK,Czech and Moravian,F,1.1,1.1
806,SVK_Hungarian,SVK,Hungarian,F,10.5,10.5
807,SVK_Romani,SVK,Romani,F,1.7,1.7
808,SVK_Slovak,SVK,Slovak,T,85.6,85.6
809,SVK_Ukrainian and Russian,SVK,Ukrainian and Russian,F,0.6,0.6
810,SVN_Hungarian,SVN,Hungarian,F,0.5,0.5
811,SVN_Serbo-Croatian,SVN,Serbo-Croatian,F,7.9,7.9
812,SVN_Slovene,SVN,Slovene,T,87.9,87.9
813,SWE_Arabic,SWE,Arabic,F,0.8,0.8
814,SWE_Finnish,SWE,Finnish,F,2.4,2.4
815,SWE_Norwegian,SWE,Norwegian,F,0.5,0.5
816,SWE_Southern Slavic Languages,SWE,Southern Slavic Languages,F,1.3,1.3
817,SWE_Spanish,SWE,Spanish,F,0.6,0.6
818,SWE_Swedish,SWE,Swedish,T,89.5,89.5
819,SWZ_Swazi,SWZ,Swazi,T,89.9,89.9
820,SWZ_Zulu,SWZ,Zulu,F,2.0,2.0
821,SYC_English,SYC,English,T,3.8,3.8
822,SYC_French,SYC,French,T,1.3,1.3
823,SYC_Seselwa,SYC,Seselwa,F,91.3,91.3
824,SYR_Arabic,SYR,Arabic,T,90.0,90.0
825,SYR_Kurdish,SYR,Kurdish,F,9.0,9.0
826,TCA_English,TCA,English,T,0.0,0.0
827,TCD_Arabic,TCD,Arabic,T,12.3,12.3
828,TCD_Gorane,TCD,Gorane,F,6.2,6.2
829,TCD_Hadjarai,TCD,Hadjarai,F,6.7,6.7
830,TCD_Kanem-bornu,TCD,Kanem-bornu,F,9.0,9.0
831,TCD_Mayo-kebbi,TCD,Mayo-kebbi,F,11.5,11.5
832,TCD_Ouaddai,TCD,Ouaddai,F,8.7,8.7
833,TCD_Sara,TCD,Sara,F,27.7,27.7
834,TCD_Tandjile,TCD,Tandjile,F,6.5,6.5
835,TGO_Ane,TGO,Ane,F,5.7,5.7
836,TGO_Ewe,TGO,Ewe,T,23.2,23.2
837,TGO_Gurma,TGO,Gurma,F,3.4,3.4
838,TGO_Kabyé,TGO,Kabyé,T,13.8,13.8
839,TGO_Kotokoli,TGO,Kotokoli,F,5.7,5.7
840,TGO_Moba,TGO,Moba,F,5.4,5.4
841,TGO_Naudemba,TGO,Naudemba,F,4.1,4.1
842,TGO_Watyi,TGO,Watyi,F,10.3,10.3
843,THA_Chinese,THA,Chinese,F,12.1,12.1
844,THA_Khmer,THA,Khmer,F,1.3,1.3
845,THA_Kuy,THA,Kuy,F,1.1,1.1
846,THA_Lao,THA,Lao,F,26.9,26.9
847,THA_Malay,THA,Malay,F,3.6,3.6
848,THA_Thai,THA,Thai,T,52.6,52.6
849,TJK_Russian,TJK,Russian,F,9.7,9.7
850,TJK_Tadzhik,TJK,Tadzhik,T,62.2,62.2
851,TJK_Uzbek,TJK,Uzbek,F,23.2,23.2
852,TKL_English,TKL,English,T,0.0,0.0
853,TKL_Tokelau,TKL,Tokelau,F,0.0,0.0
854,TKM_Kazakh,TKM,Kazakh,F,2.0,2.0
855,TKM_Russian,TKM,Russian,F,6.7,6.7
856,TKM_Turkmenian,TKM,Turkmenian,T,76.7,76.7
857,TKM_Uzbek,TKM,Uzbek,F,9.2,9.2
858,TMP_Portuguese,TMP,Portuguese,T,0.0,0.0
859,TMP_Sunda,TMP,Sunda,F,0.0,0.0
860,TON_English,TON,English,T,0.0,0.0
861,TON_Tongan,TON,Tongan,T,98.3,98.3
862,TTO_Creole English,TTO,Creole English,F,2.9,2.9
863,TTO_English,TTO,English,F,93.5,93.5
864,TTO_Hindi,TTO,Hindi,F,3.4,3.4
865,TUN_Arabic,TUN,Arabic,T,69.9,69.9
866,TUN_Arabic-French,TUN,Arabic-French,F,26.3,26.3
867,TUN_Arabic-French-English,TUN,Arabic-French-English,F,3.2,3.2
868,TUR_Arabic,TUR,Arabic,F,1.4,1.4
869,TUR_Kurdish,TUR,Kurdish,F,10.6,10.6
870,TUR_Turkish,TUR,Turkish,T,87.6,87.6
871,TUV_English,TUV,English,T,0.0,0.0
872,TUV_Kiribati,TUV,Kiribati,F,7.5,7.5
873,TUV_Tuvalu,TUV,Tuvalu,T,92.5,92.5
874,TWN_Ami,TWN,Ami,F,0.6,0.6
875,TWN_Atayal,TWN,Atayal,F,0.4,0.4
876,TWN_Hakka,TWN,Hakka,F,11.0,11.0
877,TWN_Mandarin Chinese,TWN,Mandarin Chinese,T,20.1,20.1
878,TWN_Min,TWN,Min,F,66.7,66.7
879,TWN_Paiwan,TWN,Paiwan,F,0.3,0.3
880,TZA_Chaga and Pare,TZA,Chaga and Pare,F,4.9,4.9
881,TZA_Gogo,TZA,Gogo,F,3.9,3.9
882,TZA_Ha,TZA,Ha,F,3.5,3.5
883,TZA_Haya,TZA,Haya,F,5.9,5.9
884,TZA_Hehet,TZA,Hehet,F,6.9,6.9
885,TZA_Luguru,TZA,Luguru,F,4.9,4.9
886,TZA_Makonde,TZA,Makonde,F,5.9,5.9
887,TZA_Nyakusa,TZA,Nyakusa,F,5.4,5.4
888,TZA_Nyamwesi,TZA,Nyamwesi,F,21.1,21.1
889,TZA_Shambala,TZA,Shambala,F,4.3,4.3
890,TZA_Swahili,TZA,Swahili,T,8.8,8.8
891,UGA_Acholi,UGA,Acholi,F,4.4,4.4
892,UGA_Ganda,UGA,Ganda,F,18.1,18.1
893,UGA_Gisu,UGA,Gisu,F,4.5,4.5
894,UGA_Kiga,UGA,Kiga,F,8.3,8.3
895,UGA_Lango,UGA,Lango,F,5.9,5.9
896,UGA_Lugbara,UGA,Lugbara,F,4.7,4.7
897,UGA_Nkole,UGA,Nkole,F,10.7,10.7
898,UGA_Rwanda,UGA,Rwanda,F,3.2,3.2
899,UGA_Soga,UGA,Soga,F,8.2,8.2
900,UGA_Teso,UGA,Teso,F,6.0,6.0
901,UKR_Belorussian,UKR,Belorussian,F,0.3,0.3
902,UKR_Bulgariana,UKR,Bulgariana,F,0.3,0.3
903,UKR_Hungarian,UKR,Hungarian,F,0.3,0.3
904,UKR_Polish,UKR,Polish,F,0.1,0.1
905,UKR_Romanian,UKR,Romanian,F,0.7,0.7
906,UKR_Russian,UKR,Russian,F,32.9,32.9
907,UKR_Ukrainian,UKR,Ukrainian,T,64.7,64.7
908,UMI_English,UMI,English,T,0.0,0.0
909,URY_Spanish,URY,Spanish,T,95.7,95.7
910,USA_Chinese,USA,Chinese,F,0.6,0.6
911,USA_English,USA,English,T,86.2,86.2
912,USA_French,USA,French,F,0.7,0.7
913,USA_German,USA,German,F,0.7,0.7
914,USA_Italian,USA,Italian,F,0.6,0.6
915,USA_Japanese,USA,Japanese,F,0.2,0.2
916,USA_Korean,USA,Korean,F,0.3,0.3
917,USA_Polish,USA,Polish,F,0.3,0.3
918,USA_Portuguese,USA,Portuguese,F,0.2,0.2
919,USA_Spanish,USA,Spanish,F,7.5,7.5
920,USA_Tagalog,USA,Tagalog,F,0.4,0.4
921,USA_Vietnamese,USA,Vietnamese,F,0.2,0.2
922,UZB_Karakalpak,UZB,Karakalpak,F,2.0,2.0
923,UZB_Kazakh,UZB,Kazakh,F,3.8,3.8
924,UZB_Russian,UZB,Russian,F,10.9,10.9
925,UZB_Tadzhik,UZB,Tadzhik,F,4.4,4.4
926,UZB_Tatar,UZB,Tatar,F,1.8,1.8
927,UZB_Uzbek,UZB,Uzbek,T,72.6,72.6
928,VAT_Italian,VAT,Italian,T,0.0,0.0
929,VCT_Creole English,VCT,Creole English,F,99.1,99.1
930,VCT_English,VCT,English,T,0.0,0.0
931,VEN_Goajiro,VEN,Goajiro,F,0.4,0.4
932,VEN_Spanish,VEN,Spanish,T,96.9,96.9
933,VEN_Warrau,VEN,Warrau,F,0.1,0.1
934,VGB_English,VGB,English,T,0.0,0.0
935,VIR_English,VIR,English,T,81.7,81.7
936,VIR_French,VIR,French,F,2.5,2.5
937,VIR_Spanish,VIR,Spanish,F,13.3,13.3
938,VNM_Chinese,VNM,Chinese,F,1.4,1.4
939,VNM_Khmer,VNM,Khmer,F,1.4,1.4
940,VNM_Man,VNM,Man,F,0.7,0.7
941,VNM_Miao,VNM,Miao,F,0.9,0.9
942,VNM_Muong,VNM,Muong,F,1.5,1.5
943,VNM_Nung,VNM,Nung,F,1.1,1.1
944,VNM_Thai,VNM,Thai,F,1.6,1.6
945,VNM_Tho,VNM,Tho,F,1.8,1.8
946,VNM_Vietnamese,VNM,Vietnamese,T,86.8,86.8
947,VUT_Bislama,VUT,Bislama,T,56.6,56.6
948,VUT_English,VUT,English,T,28.3,28.3
949,VUT_French,VUT,French,T,14.2,14.2
950,WLF_Futuna,WLF,Futuna,F,0.0,0.0
951,WLF_Wallis,WLF,Wallis,F,0.0,0.0
952,WSM_English,WSM,English,T,0.6,0.6
953,WSM_Samoan,WSM,Samoan,T,47.5,47.5
954,WSM_Samoan-English,WSM,Samoan-English,F,52.0,52.0
955,YEM_Arabic,YEM,Arabic,T,99.6,99.6
956,YEM_Soqutri,YEM,Soqutri,F,0.0,0.0
957,YUG_Albaniana,YUG,Albaniana,F,16.5,16.5
958,YUG_Hungarian,YUG,Hungarian,F,3.4,3.4
959,YUG_Macedonian,YUG,Macedonian,F,0.5,0.5
960,YUG_Romani,YUG,Romani,F,1.4,1.4
961,YUG_Serbo-Croatian,YUG,Serbo-Croatian,T,75.2,75.2
962,YUG_Slovak,YUG,Slovak,F,0.7,0.7
963,ZAF_Afrikaans,ZAF,Afrikaans,T,14.3,14.3
964,ZAF_English,ZAF,English,T,8.5,8.5
965,ZAF_Ndebele,ZAF,Ndebele,F,1.5,1.5
966,ZAF_Northsotho,ZAF,Northsotho,F,9.1,9.1
967,ZAF_Southsotho,ZAF,Southsotho,F,7.6,7.6
968,ZAF_Swazi,ZAF,Swazi,F,2.5,2.5
969,ZAF_Tsonga,ZAF,Tsonga,F,4.3,4.3
970,ZAF_Tswana,ZAF,Tswana,F,8.1,8.1
971,ZAF_Venda,ZAF,Venda,F,2.2,2.2
972,ZAF_Xhosa,ZAF,Xhosa,T,17.7,17.7
973,ZAF_Zulu,ZAF,Zulu,T,22.7,22.7
974,ZMB_Bemba,ZMB,Bemba,F,29.7,29.7
975,ZMB_Chewa,ZMB,Chewa,F,5.7,5.7
976,ZMB_Lozi,ZMB,Lozi,F,6.4,6.4
977,ZMB_Nsenga,ZMB,Nsenga,F,4.3,4.3
978,ZMB_Nyanja,ZMB,Nyanja,F,7.8,7.8
979,ZMB_Tongan,ZMB,Tongan,F,11.0,11.0
980,ZWE_English,ZWE,English,T,2.2,2.2
981,ZWE_Ndebele,ZWE,Ndebele,F,16.2,16.2
982,ZWE_Nyanja,ZWE,Nyanja,F,2.2,2.2
983,ZWE_Shona,ZWE,Shona,F,72.1,72.1
