,Code,Name,Continent,Region,SurfaceArea,IndepYear,Population,LifeExpectancy,GNP,GNPOld,LocalName,GovernmentForm,HeadOfState,Capital,Code2,add_numerical,sum(ID),sum(Population),max(ID),max(Population),min(ID),min(Population),sum(Percentage),max(Percentage),min(Percentage),nb_rows_in_City,nb_rows_in_CountryLanguage
0,ABW,Aruba,North America,Caribbean,193.0,,103000,78.4,828.0,793.0,Aruba,Nonmetropolitan Territory of The Netherlands,Beatrix,129.0,AW,1943.0,129.0,29034.0,129.0,29034.0,129.0,29034.0,98.9,76.7,5.3,1.0,4.0
1,AFG,Afghanistan,Asia,Southern and Central Asia,652090.0,1919.0,22720000,45.9,5976.0,,Afganistan/Afqanestan,Islamic Emirate,Mohammad Omar,1.0,AF,658067.0,10.0,2332100.0,4.0,1780000.0,1.0,127800.0,96.1,52.4,0.9,4.0,5.0
2,AGO,Angola,Africa,Central Africa,1246700.0,1975.0,12878000,38.3,6648.0,7984.0,Angola,Republic,José Eduardo dos Santos,56.0,AO,1261388.0,290.0,2561600.0,60.0,2022000.0,56.0,118200.0,95.4,37.2,2.4,5.0,9.0
3,AIA,Anguilla,North America,Caribbean,96.0,,8000,76.1,63.2,,Anguilla,Dependent Territory of the UK,Elisabeth II,62.0,AI,221.2,123.0,1556.0,62.0,961.0,61.0,595.0,0.0,0.0,0.0,2.0,1.0
4,ALB,Albania,Europe,Southern Europe,28748.0,1912.0,3401200,71.6,3205.0,2500.0,Shqipëria,Republic,Rexhep Mejdani,34.0,AL,34487.0,34.0,270000.0,34.0,270000.0,34.0,270000.0,99.8,97.9,0.1,1.0,3.0
5,AND,Andorra,Europe,Southern Europe,468.0,1278.0,78000,83.5,1630.0,,Andorra,Parliamentary Coprincipality,,55.0,AD,2153.0,55.0,21189.0,55.0,21189.0,55.0,21189.0,93.9,44.6,6.2,1.0,4.0
6,ANT,Netherlands Antilles,North America,Caribbean,800.0,,217000,74.7,1941.0,,Nederlandse Antillen,Nonmetropolitan Territory of The Netherlands,Beatrix,33.0,AN,2774.0,33.0,2345.0,33.0,2345.0,33.0,2345.0,94.0,86.2,0.0,1.0,3.0
7,ARE,United Arab Emirates,Asia,Middle East,83600.0,1971.0,2441000,74.1,37966.0,36846.0,Al-Imarat al-´Arabiya al-Muttahida,Emirate Federation,Zayid bin Sultan al-Nahayan,65.0,AE,158477.0,330.0,1728336.0,68.0,669181.0,64.0,114395.0,42.0,42.0,0.0,5.0,2.0
8,ARG,Argentina,South America,South America,2780400.0,1816.0,37032000,75.1,340238.0,323310.0,Argentina,Federal Republic,Fernando de la Rúa,69.0,AR,3444017.0,5529.0,19996563.0,125.0,2982146.0,69.0,91101.0,98.8,96.8,0.3,57.0,3.0
9,ARM,Armenia,Asia,Middle East,29800.0,1991.0,3520000,66.4,1813.0,1627.0,Hajastan,Republic,Robert Kotšarjan,126.0,AM,33366.0,381.0,1633100.0,128.0,1248700.0,126.0,172700.0,96.0,93.4,2.6,3.0,2.0
10,ASM,American Samoa,Oceania,Polynesia,199.0,,68000,75.1,334.0,,Amerika Samoa,US Territory,George W. Bush,54.0,AS,587.0,107.0,7523.0,54.0,5200.0,53.0,2323.0,96.79999999999998,90.6,3.1,2.0,3.0
11,ATA,Antarctica,Antarctica,Antarctica,13120000.0,,0,,0.0,,–,Co-administrated,,,AQ,13120000.0,0.0,0.0,0.0,0.0,0.0,0.0,0.0,0.0,0.0,0.0,0.0
12,ATF,French Southern territories,Antarctica,Antarctica,7780.0,,0,,0.0,,Terres australes françaises,Nonmetropolitan Territory of France,Jacques Chirac,,TF,7780.0,0.0,0.0,0.0,0.0,0.0,0.0,0.0,0.0,0.0,0.0,0.0
13,ATG,Antigua and Barbuda,North America,Caribbean,442.0,1981.0,68000,70.5,612.0,584.0,Antigua and Barbuda,Constitutional Monarchy,Elisabeth II,63.0,AG,1701.0,63.0,24000.0,63.0,24000.0,63.0,24000.0,95.7,95.7,0.0,1.0,2.0
14,AUS,Australia,Oceania,Australia and New Zealand,7741220.0,1901.0,18886000,79.8,351182.0,392911.0,Australia,"Constitutional Monarchy, Federation",Elisabeth II,135.0,AU,8485448.0,1911.0,11313666.0,143.0,3276207.0,130.0,92273.0,89.09999999999998,81.2,0.6,14.0,8.0
15,AUT,Austria,Europe,Western Europe,83859.0,1918.0,8091800,77.7,211860.0,206025.0,Österreich,Federal Republic,Thomas Klestil,1523.0,AT,503267.0,9153.0,2384273.0,1528.0,1608144.0,1523.0,91141.0,97.10000000000002,92.0,0.2,6.0,8.0
16,AZE,Azerbaijan,Asia,Middle East,86600.0,1991.0,7734000,62.9,4127.0,4100.0,Azärbaycan,Federal Republic,Heydär Äliyev,144.0,AZ,94971.0,582.0,2464000.0,147.0,1787800.0,144.0,93900.0,96.3,89.0,2.0,4.0,4.0
17,BDI,Burundi,Africa,Eastern Africa,27834.0,1962.0,6695000,46.2,903.0,982.0,Burundi/Uburundi,Republic,Pierre Buyoya,552.0,BI,30271.0,552.0,300000.0,552.0,300000.0,552.0,300000.0,98.1,98.1,0.0,1.0,3.0
18,BEL,Belgium,Europe,Western Europe,30518.0,1830.0,10239000,77.8,249704.0,243948.0,België/Belgique,"Constitutional Monarchy, Federation",Albert II,179.0,BE,524349.0,1611.0,1609322.0,183.0,446525.0,175.0,90935.0,97.70000000000002,59.2,0.9,9.0,6.0
19,BEN,Benin,Africa,Western Africa,112622.0,1960.0,6097000,50.2,2357.0,2141.0,Bénin,Republic,Mathieu Kérékou,187.0,BJ,117307.0,750.0,968503.0,189.0,536827.0,186.0,103577.0,92.8,39.8,5.6,4.0,7.0
20,BFA,Burkina Faso,Africa,Western Africa,274000.0,1960.0,11937000,46.7,2425.0,2201.0,Burkina Faso,Republic,Blaise Compaoré,549.0,BF,279175.0,1650.0,1229000.0,551.0,824000.0,549.0,105000.0,74.8,50.2,2.6,3.0,6.0
21,BGD,Bangladesh,Asia,Southern and Central Asia,143998.0,1971.0,129155000,60.2,32852.0,31966.0,Bangladesh,Republic,Shahabuddin Ahmad,150.0,BD,208966.0,3876.0,8569906.0,173.0,3612850.0,150.0,96717.0,98.7,97.7,0.1,24.0,7.0
22,BGR,Bulgaria,Europe,Eastern Europe,110994.0,1908.0,8190900,70.9,12178.0,10169.0,Balgarija,Republic,Petar Stojanov,539.0,BG,133880.0,5435.0,2696915.0,548.0,1122302.0,539.0,94686.0,98.9,83.2,2.6,10.0,4.0
23,BHR,Bahrain,Asia,Middle East,694.0,1971.0,617000,73.0,6366.0,6097.0,Al-Bahrayn,Monarchy (Emirate),Hamad ibn Isa al-Khalifa,149.0,BH,13306.0,149.0,148000.0,149.0,148000.0,149.0,148000.0,67.7,67.7,0.0,1.0,2.0
24,BHS,Bahamas,North America,Caribbean,13878.0,1973.0,307000,71.1,3527.0,3347.0,The Bahamas,Constitutional Monarchy,Elisabeth II,148.0,BS,20900.0,148.0,172000.0,148.0,172000.0,148.0,172000.0,100.0,89.7,10.3,1.0,2.0
25,BIH,Bosnia and Herzegovina,Europe,Southern Europe,51197.0,1992.0,3972000,71.5,2841.0,,Bosna i Hercegovina,Federal Republic,Ante Jelavic,201.0,BA,54239.0,606.0,599106.0,203.0,360000.0,201.0,96027.0,99.2,99.2,99.2,3.0,1.0
26,BLR,Belarus,Europe,Eastern Europe,207600.0,1991.0,10236000,68.0,13714.0,,Belarus,Republic,Aljaksandr Lukašenka,3520.0,BY,224834.0,56440.0,4741000.0,3535.0,1674000.0,3520.0,97000.0,99.5,65.6,0.6,16.0,4.0
27,BLZ,Belize,North America,Central America,22696.0,1981.0,241000,70.9,630.0,616.0,Belize,Constitutional Monarchy,Elisabeth II,185.0,BZ,24127.0,369.0,62915.0,185.0,55810.0,184.0,7105.0,98.79999999999998,50.8,6.8,2.0,4.0
28,BMU,Bermuda,North America,North America,53.0,,65000,76.9,2328.0,2190.0,Bermuda,Dependent Territory of the UK,Elisabeth II,191.0,BM,4762.0,381.0,3000.0,191.0,1800.0,190.0,1200.0,100.0,100.0,100.0,2.0,1.0
29,BOL,Bolivia,South America,South America,1098581.0,1825.0,8329000,63.7,8571.0,7967.0,Bolivia,Republic,Hugo Bánzer Suárez,194.0,BO,1115313.0,1572.0,3378644.0,200.0,935361.0,193.0,125255.0,99.1,87.7,0.1,8.0,4.0
30,BRA,Brazil,South America,South America,8547403.0,1822.0,170115000,62.9,776739.0,804108.0,Brasil,Federal Republic,Fernando Henrique Cardoso,211.0,BR,10128461.0,82625.0,85876862.0,455.0,9968485.0,206.0,89200.0,99.0,97.5,0.2,250.0,5.0
31,BRB,Barbados,North America,Caribbean,430.0,1966.0,270000,73.0,2223.0,2186.0,Barbados,Constitutional Monarchy,Elisabeth II,174.0,BB,5013.0,174.0,6070.0,174.0,6070.0,174.0,6070.0,95.1,95.1,0.0,1.0,2.0
32,BRN,Brunei,Asia,Southeast Asia,5765.0,1984.0,328000,73.6,11705.0,12460.0,Brunei Darussalam,Monarchy (Sultanate),Haji Hassan al-Bolkiah,538.0,BN,30468.0,538.0,21484.0,538.0,21484.0,538.0,21484.0,86.7,45.5,3.1,1.0,4.0
33,BTN,Bhutan,Asia,Southern and Central Asia,47000.0,1910.0,2124000,52.4,372.0,383.0,Druk-Yul,Monarchy,Jigme Singye Wangchuk,192.0,BT,47947.0,192.0,22000.0,192.0,22000.0,192.0,22000.0,100.0,50.0,15.2,1.0,3.0
34,BVT,Bouvet Island,Antarctica,Antarctica,59.0,,0,,0.0,,Bouvetøya,Dependent Territory of Norway,Harald V,,BV,59.0,0.0,0.0,0.0,0.0,0.0,0.0,0.0,0.0,0.0,0.0,0.0
35,BWA,Botswana,Africa,Southern Africa,581730.0,1966.0,1622000,39.3,4834.0,4935.0,Botswana,Republic,Festus G. Mogae,204.0,BW,591703.0,409.0,314822.0,205.0,213017.0,204.0,101805.0,95.1,75.5,1.3,2.0,5.0
36,CAF,Central African Republic,Africa,Central Africa,622984.0,1960.0,3615000,44.0,1054.0,993.0,Centrafrique/Bê-Afrîka,Republic,Ange-Félix Patassé,1889.0,CF,626920.0,1889.0,524000.0,1889.0,524000.0,1889.0,524000.0,82.4,23.8,6.4,1.0,6.0
37,CAN,Canada,North America,North America,9970610.0,1867.0,31147000,79.4,598862.0,625626.0,Canada,"Constitutional Monarchy, Federation",Elisabeth II,1822.0,CA,11196920.0,89866.0,12673840.0,1858.0,1016376.0,1810.0,89269.0,93.6,60.4,0.1,49.0,12.0
38,CCK,Cocos (Keeling) Islands,Oceania,Australia and New Zealand,14.0,,600,,0.0,,Cocos (Keeling) Islands,Territory of Australia,Elisabeth II,2317.0,CC,2331.0,4633.0,670.0,2317.0,503.0,2316.0,167.0,0.0,0.0,0.0,2.0,2.0
39,CHE,Switzerland,Europe,Western Europe,41284.0,1499.0,7160400,79.6,264478.0,256092.0,Schweiz/Suisse/Svizzera/Svizra,Federation,Adolf Ogi,3248.0,CH,565102.0,16235.0,914200.0,3249.0,336800.0,3245.0,114500.0,91.1,63.6,0.6,5.0,4.0
40,CHL,Chile,South America,South America,756626.0,1810.0,15211000,75.7,72949.0,75780.0,Chile,Republic,Ricardo Lagos Escobar,554.0,CL,905909.0,16472.0,9717970.0,582.0,4703954.0,554.0,91056.0,100.0,89.7,0.2,29.0,4.0
41,CHN,China,Asia,Eastern Asia,9572900.0,-1523.0,1277558000,71.4,982268.0,917719.0,Zhongquo,People'sRepublic,Jiang Zemin,1891.0,CN,11474778.0,751773.0,175953614.0,2252.0,9696300.0,1890.0,89288.0,98.70000000000002,92.0,0.2,363.0,12.0
42,CIV,Côte d’Ivoire,Africa,Western Africa,322463.0,1960.0,14786000,45.2,11345.0,10285.0,Côte d’Ivoire,Republic,Laurent Gbagbo,2814.0,CI,346907.0,14070.0,3191137.0,2816.0,2500000.0,2812.0,109445.0,71.3,30.0,7.7,5.0,5.0
43,CMR,Cameroon,Africa,Central Africa,475442.0,1960.0,15085000,54.8,9174.0,8596.0,Cameroun/Cameroon,Republic,Paul Biya,1804.0,CM,495016.0,12642.0,3522554.0,1809.0,1448300.0,1803.0,112454.0,80.70000000000002,19.7,3.9,7.0,8.0
44,COD,"Congo, The Democratic Republic of the",Africa,Central Africa,2344858.0,1960.0,51654000,48.8,6964.0,2474.0,République Démocratique du Congo,Republic,Joseph Kabila,2298.0,CD,2356594.0,41517.0,9864615.0,2315.0,5064000.0,2298.0,101309.0,80.3,18.0,1.8,18.0,10.0
45,COG,Congo,Africa,Central Africa,342000.0,1960.0,2943000,47.4,2108.0,2287.0,Congo,Republic,Denis Sassou-Nguesso,2296.0,CG,348691.0,4593.0,1450000.0,2297.0,950000.0,2296.0,500000.0,90.5,51.5,2.6,2.0,6.0
46,COK,Cook Islands,Oceania,Polynesia,236.0,,20000,71.1,100.0,,The Cook Islands,Nonmetropolitan Territory of New Zealand,Elisabeth II,583.0,CK,919.0,583.0,11900.0,583.0,11900.0,583.0,11900.0,0.0,0.0,0.0,1.0,2.0
47,COL,Colombia,South America,South America,1138914.0,1810.0,42321000,70.3,102896.0,105116.0,Colombia,Republic,Andrés Pastrana Arango,2257.0,CO,1349183.0,86469.0,20250990.0,2294.0,6260862.0,2257.0,90688.0,99.7,99.0,0.1,38.0,5.0
48,COM,Comoros,Africa,Eastern Africa,1862.0,1975.0,578000,60.0,4401.0,4361.0,Komori/Comores,Republic,Azali Assoumani,2295.0,KM,12919.0,2295.0,36000.0,2295.0,36000.0,2295.0,36000.0,95.5,75.0,0.5,1.0,5.0
49,CPV,Cape Verde,Africa,Western Africa,4033.0,1975.0,428000,68.9,435.0,420.0,Cabo Verde,Republic,António Mascarenhas Monteiro,1859.0,CV,6747.0,1859.0,94800.0,1859.0,94800.0,1859.0,94800.0,100.0,100.0,0.0,1.0,2.0
50,CRI,Costa Rica,North America,Central America,51100.0,1821.0,4023000,75.8,10226.0,9757.0,Costa Rica,Republic,Miguel Ángel Rodríguez Echeverría,584.0,CR,71667.0,584.0,339131.0,584.0,339131.0,584.0,339131.0,100.0,97.5,0.2,1.0,4.0
51,CUB,Cuba,North America,Caribbean,110861.0,1902.0,11201000,76.2,17843.0,18862.0,Cuba,Socialistic Republic,Fidel Castro Ruz,2413.0,CU,149979.0,33873.0,4629925.0,2426.0,2256000.0,2413.0,98505.0,100.0,100.0,100.0,14.0,1.0
52,CXR,Christmas Island,Oceania,Australia and New Zealand,135.0,,2500,,0.0,,Christmas Island,Territory of Australia,Elisabeth II,1791.0,CX,1926.0,1791.0,700.0,1791.0,700.0,1791.0,700.0,0.0,0.0,0.0,1.0,2.0
53,CYM,Cayman Islands,North America,Caribbean,264.0,,38000,78.9,1263.0,1186.0,Cayman Islands,Dependent Territory of the UK,Elisabeth II,553.0,KY,3266.0,553.0,19600.0,553.0,19600.0,553.0,19600.0,0.0,0.0,0.0,1.0,1.0
54,CYP,Cyprus,Asia,Middle East,9251.0,1960.0,754700,76.7,9333.0,8246.0,Kýpros/Kibris,Republic,Glafkos Klerides,2430.0,CY,29260.0,4861.0,349400.0,2431.0,195000.0,2430.0,154400.0,96.5,74.1,22.4,2.0,2.0
55,CZE,Czech Republic,Europe,Eastern Europe,78866.0,1993.0,10278100,74.5,55017.0,52037.0,¸esko,Republic,Václav Havel,3339.0,CZ,189259.0,33435.0,2634711.0,3348.0,1181126.0,3339.0,91309.0,99.2,81.2,0.2,10.0,8.0
56,DEU,Germany,Europe,Western Europe,357022.0,1955.0,82164700,77.4,2133367.0,2102826.0,Deutschland,Federal Republic,Johannes Rau,3068.0,DE,4596283.0,289602.0,26245483.0,3160.0,3386667.0,3068.0,89667.0,96.7,91.3,0.3,93.0,6.0
57,DJI,Djibouti,Africa,Eastern Africa,23200.0,1977.0,638000,50.8,382.0,373.0,Djibouti/Jibuti,Republic,Ismail Omar Guelleh,585.0,DJ,24540.0,585.0,383000.0,585.0,383000.0,585.0,383000.0,89.3,43.9,10.6,1.0,3.0
58,DMA,Dominica,North America,Caribbean,751.0,1978.0,71000,73.4,256.0,243.0,Dominica,Republic,Vernon Shaw,586.0,DM,1836.0,586.0,16243.0,586.0,16243.0,586.0,16243.0,100.0,100.0,0.0,1.0,2.0
59,DNK,Denmark,Europe,Nordic Countries,43094.0,800.0,5330000,76.5,174099.0,169264.0,Danmark,Constitutional Monarchy,Margrethe II,3315.0,DK,389772.0,16585.0,1215945.0,3319.0,495699.0,3315.0,90327.0,96.4,93.5,0.3,5.0,7.0
60,DOM,Dominican Republic,North America,Caribbean,48511.0,1844.0,8495000,73.2,15846.0,15076.0,República Dominicana,Republic,Hipólito Mejía Domínguez,587.0,DO,80020.0,3537.0,2438276.0,592.0,1609966.0,587.0,89423.0,100.0,98.0,2.0,6.0,2.0
61,DZA,Algeria,Africa,Northern Africa,2381741.0,1962.0,31471000,69.7,49982.0,46966.0,Al-Jaza’ir/Algérie,Republic,Abdelaziz Bouteflika,35.0,DZ,2478724.0,783.0,5192179.0,52.0,2168000.0,35.0,89415.0,100.0,86.0,14.0,18.0,2.0
62,ECU,Ecuador,South America,South America,283561.0,1822.0,12646000,71.1,19770.0,19769.0,Ecuador,Republic,Gustavo Noboa Bejarano,594.0,EC,323694.0,9000.0,5744142.0,607.0,2070040.0,593.0,123045.0,100.0,93.0,7.0,15.0,2.0
63,EGY,Egypt,Africa,Northern Africa,1001449.0,1922.0,68470000,63.3,82710.0,75617.0,Misr,Republic,Hosni Mubarak,608.0,EG,1160384.0,23162.0,20083079.0,644.0,6789479.0,608.0,91300.0,98.8,98.8,0.0,37.0,2.0
64,ERI,Eritrea,Africa,Eastern Africa,117600.0,1993.0,3850000,55.8,650.0,755.0,Ertra,Republic,Isayas Afewerki [Isaias Afwerki],652.0,ER,119657.0,652.0,431000.0,652.0,431000.0,652.0,431000.0,94.9,49.1,3.0,1.0,6.0
65,ESH,Western Sahara,Africa,Northern Africa,266000.0,,293000,49.8,60.0,,As-Sahrawiya,Occupied by Marocco,Mohammed Abdel Aziz,2453.0,EH,268513.0,2453.0,169000.0,2453.0,169000.0,2453.0,169000.0,100.0,100.0,100.0,1.0,1.0
66,ESP,Spain,Europe,Southern Europe,505992.0,1492.0,39441700,78.8,553233.0,532031.0,España,Constitutional Monarchy,Juan Carlos I,653.0,ES,1591909.0,40238.0,16669189.0,711.0,2879052.0,653.0,92262.0,99.3,74.4,1.6,59.0,4.0
67,EST,Estonia,Europe,Baltic Countries,45227.0,1991.0,1439200,69.5,5328.0,3371.0,Eesti,Republic,Lennart Meri,3791.0,EE,57717.0,7583.0,505227.0,3792.0,403981.0,3791.0,101246.0,98.0,65.3,0.7,2.0,5.0
68,ETH,Ethiopia,Africa,Eastern Africa,1104300.0,-1000.0,62565000,45.2,6353.0,6180.0,YeItyop´iya,Republic,Negasso Gidada,756.0,ET,1117589.0,5313.0,3190334.0,762.0,2495000.0,756.0,96140.0,83.0,31.0,2.8,7.0,7.0
69,FIN,Finland,Europe,Nordic Countries,338145.0,1917.0,5171300,77.4,121914.0,119833.0,Suomi,Republic,Tarja Halonen,3236.0,FI,583128.0,22673.0,1532919.0,3242.0,555474.0,3236.0,96921.0,99.0,92.7,0.0,7.0,5.0
70,FJI,Fiji Islands,Oceania,Melanesia,18274.0,1970.0,817000,67.9,1536.0,2149.0,Fiji Islands,Republic,Josefa Iloilo,764.0,FJ,22723.0,764.0,77366.0,764.0,77366.0,764.0,77366.0,94.5,50.8,43.7,1.0,2.0
71,FLK,Falkland Islands,South America,South America,12173.0,,2000,,0.0,,Falkland Islands,Dependent Territory of the UK,Elisabeth II,763.0,FK,12936.0,763.0,1636.0,763.0,1636.0,763.0,1636.0,0.0,0.0,0.0,1.0,1.0
72,FRA,France,Europe,Western Europe,551500.0,843.0,59225700,78.8,1424285.0,1392448.0,France,Republic,Jacques Chirac,2974.0,FR,3371207.0,119740.0,9244494.0,3013.0,2125246.0,2974.0,90674.0,98.5,93.6,0.4,40.0,6.0
73,FRO,Faroe Islands,Europe,Nordic Countries,1399.0,,43000,78.4,0.0,,Føroyar,Part of Denmark,Margrethe II,901.0,FO,2300.0,901.0,14542.0,901.0,14542.0,901.0,14542.0,100.0,100.0,0.0,1.0,2.0
74,FSM,"Micronesia, Federated States of",Oceania,Micronesia,702.0,1990.0,119000,68.6,212.0,,Micronesia,Federal Republic,Leo A. Falcam,2689.0,FM,3603.0,5377.0,30600.0,2689.0,22000.0,2688.0,8600.0,89.80000000000003,41.6,3.7,2.0,6.0
75,GAB,Gabon,Africa,Central Africa,267668.0,1960.0,1226000,50.1,5493.0,5279.0,Le Gabon,Republic,Omar Bongo,902.0,GA,279342.0,902.0,419000.0,902.0,419000.0,902.0,419000.0,81.29999999999998,35.8,13.8,1.0,4.0
76,GBR,United Kingdom,Europe,British Islands,242900.0,1066.0,59623400,77.7,1378330.0,1296830.0,United Kingdom,Constitutional Monarchy,Elisabeth II,456.0,GB,2918516.0,40176.0,22436673.0,536.0,7285000.0,456.0,23487.0,98.3,97.3,0.1,81.0,3.0
77,GEO,Georgia,Asia,Middle East,69700.0,1991.0,4968000,64.5,6064.0,5924.0,Sakartvelo,Republic,Eduard Ševardnadze,905.0,GE,82593.0,4535.0,1880900.0,909.0,1235200.0,905.0,111700.0,96.9,71.7,1.7,5.0,6.0
78,GHA,Ghana,Africa,Western Africa,238533.0,1957.0,20212000,57.4,7137.0,6884.0,Ghana,Republic,John Kufuor,910.0,GH,253464.0,4560.0,1819889.0,914.0,1070000.0,910.0,103653.0,92.5,52.4,1.3,5.0,6.0
79,GIB,Gibraltar,Europe,Southern Europe,6.0,,25000,79.0,258.0,,Gibraltar,Dependent Territory of the UK,Elisabeth II,915.0,GI,1179.0,915.0,27025.0,915.0,27025.0,915.0,27025.0,96.3,88.9,7.4,1.0,2.0
80,GIN,Guinea,Africa,Western Africa,245857.0,1958.0,7430000,45.6,2352.0,2383.0,Guinée,Republic,Lansana Conté,926.0,GN,251518.0,926.0,1090610.0,926.0,1090610.0,926.0,1090610.0,88.60000000000002,38.6,2.3,1.0,7.0
81,GLP,Guadeloupe,North America,Caribbean,1705.0,,456000,77.0,3501.0,,Guadeloupe,Overseas Department of France,Jacques Chirac,919.0,GP,6125.0,1837.0,75380.0,919.0,62947.0,918.0,12433.0,95.0,95.0,0.0,2.0,2.0
82,GMB,Gambia,Africa,Western Africa,11295.0,1965.0,1305000,53.2,320.0,325.0,The Gambia,Republic,Yahya Jammeh,904.0,GM,12844.0,1807.0,144926.0,904.0,102600.0,903.0,42326.0,79.69999999999997,34.1,7.6,2.0,5.0
83,GNB,Guinea-Bissau,Africa,Western Africa,36125.0,1974.0,1213000,49.0,293.0,272.0,Guiné-Bissau,Republic,Kumba Ialá,927.0,GW,37617.0,927.0,241000.0,927.0,241000.0,927.0,241000.0,87.5,36.4,4.9,1.0,6.0
84,GNQ,Equatorial Guinea,Africa,Central Africa,28051.0,1968.0,453000,53.6,283.0,542.0,Guinea Ecuatorial,Republic,Teodoro Obiang Nguema Mbasogo,2972.0,GQ,31848.0,2972.0,40000.0,2972.0,40000.0,2972.0,40000.0,93.5,84.8,8.7,1.0,2.0
85,GRC,Greece,Europe,Southern Europe,131626.0,1830.0,10545700,78.4,120724.0,119946.0,Elláda,Republic,Kostis Stefanopoulos,2401.0,GR,374697.0,19236.0,1972843.0,2408.0,772072.0,2401.0,113090.0,99.4,98.5,0.9,8.0,2.0
86,GRD,Grenada,North America,Caribbean,344.0,1974.0,94000,64.5,318.0,,Grenada,Constitutional Monarchy,Elisabeth II,916.0,GD,1578.0,916.0,4621.0,916.0,4621.0,916.0,4621.0,100.0,100.0,100.0,1.0,1.0
87,GRL,Greenland,North America,North America,2166090.0,,56000,68.1,0.0,,Kalaallit Nunaat/Grønland,Part of Denmark,Margrethe II,917.0,GL,2167007.0,917.0,13445.0,917.0,13445.0,917.0,13445.0,100.0,87.5,12.5,1.0,2.0
88,GTM,Guatemala,North America,Central America,108889.0,1821.0,11385000,66.2,19008.0,17797.0,Guatemala,Republic,Alfonso Portillo Cabrera,922.0,GT,146616.0,3694.0,1225188.0,925.0,823301.0,922.0,90801.0,91.3,64.7,2.7,4.0,5.0
89,GUF,French Guiana,South America,South America,90000.0,,181000,76.1,681.0,,Guyane française,Overseas Department of France,Jacques Chirac,3014.0,GF,93695.0,3014.0,50699.0,3014.0,50699.0,3014.0,50699.0,96.2,94.3,1.9,1.0,2.0
90,GUM,Guam,Oceania,Micronesia,549.0,,168000,77.8,1197.0,1136.0,Guam,US Territory,George W. Bush,921.0,GU,3803.0,1841.0,10639.0,921.0,9500.0,920.0,1139.0,92.1,37.5,2.0,2.0,5.0
91,GUY,Guyana,South America,South America,214969.0,1966.0,861000,64.0,722.0,743.0,Guyana,Republic,Bharrat Jagdeo,928.0,GY,217362.0,928.0,254000.0,928.0,254000.0,928.0,254000.0,100.0,96.4,1.4,1.0,3.0
92,HKG,Hong Kong,Asia,Eastern Asia,1075.0,,6782000,79.5,166448.0,173610.0,Xianggang/Hong Kong,Special Administrative Region of China,Jiang Zemin,937.0,HK,342070.0,1873.0,3300633.0,937.0,1987996.0,936.0,1312637.0,95.8,88.7,1.4,2.0,5.0
93,HMD,Heard Island and McDonald Islands,Antarctica,Antarctica,359.0,,0,,0.0,,Heard and McDonald Islands,Territory of Australia,Elisabeth II,,HM,359.0,0.0,0.0,0.0,0.0,0.0,0.0,0.0,0.0,0.0,0.0,0.0
94,HND,Honduras,North America,Central America,112088.0,1838.0,6485000,69.9,5333.0,4697.0,Honduras,Republic,Carlos Roberto Flores Facussé,933.0,HN,123051.0,2802.0,1287000.0,935.0,813900.0,933.0,89200.0,98.9,97.2,0.2,3.0,4.0
95,HRV,Croatia,Europe,Southern Europe,56538.0,1991.0,4473000,73.7,20208.0,19300.0,Hrvatska,Republic,Štipe Mesic,2409.0,HR,98455.0,9642.0,1168883.0,2412.0,706770.0,2409.0,104761.0,95.9,95.9,0.0,4.0,2.0
96,HTI,Haiti,North America,Caribbean,27750.0,1804.0,8222000,49.2,3459.0,3107.0,Haïti/Dayti,Republic,Jean-Bertrand Aristide,929.0,HT,35245.0,3722.0,1517338.0,932.0,884472.0,929.0,102233.0,100.0,100.0,0.0,4.0,2.0
97,HUN,Hungary,Europe,Eastern Europe,93030.0,1918.0,10043200,71.4,48267.0,45914.0,Magyarország,Republic,Ferenc Mádl,3483.0,HU,190694.0,31383.0,2953310.0,3491.0,1811552.0,3483.0,105119.0,99.8,98.5,0.1,9.0,6.0
98,IDN,Indonesia,Asia,Southeast Asia,1904569.0,1945.0,212107000,68.0,84982.0,215002.0,Indonesia,Republic,Abdurrahman Wahid,939.0,ID,2205492.0,83385.0,37485695.0,1023.0,9604900.0,939.0,89900.0,81.89999999999998,39.4,1.7,85.0,9.0
99,IND,India,Asia,Southern and Central Asia,3287263.0,1947.0,1013662000,62.5,447114.0,430572.0,Bharat/India,Federal Republic,Kocheril Raman Narayanan,1109.0,IN,4166058.0,407154.0,123298526.0,1364.0,10500000.0,1024.0,89053.0,94.59999999999998,39.9,1.5,341.0,12.0
100,IOT,British Indian Ocean Territory,Africa,Eastern Africa,78.0,,0,,0.0,,British Indian Ocean Territory,Dependent Territory of the UK,Elisabeth II,,IO,78.0,0.0,0.0,0.0,0.0,0.0,0.0,0.0,0.0,0.0,0.0,0.0
101,IRL,Ireland,Europe,British Islands,70273.0,1921.0,3775100,76.8,75921.0,73132.0,Ireland/Éire,Republic,Mary McAleese,1447.0,IE,220773.0,2895.0,609041.0,1448.0,481854.0,1447.0,127187.0,100.0,98.4,1.6,2.0,2.0
102,IRN,Iran,Asia,Southern and Central Asia,1648195.0,1906.0,67702000,69.7,195746.0,160151.0,Iran,Islamic Republic,Ali Mohammad Khatami-Ardakani,1380.0,IR,2005472.0,94671.0,26032990.0,1446.0,6758845.0,1380.0,89800.0,92.6,45.7,1.6,67.0,10.0
103,IRQ,Iraq,Asia,Middle East,438317.0,1932.0,23115000,66.5,11500.0,,Al-´Iraq,Republic,Saddam Hussein al-Takriti,1365.0,IQ,451182.0,20580.0,8926041.0,1379.0,4336000.0,1365.0,114516.0,99.5,77.2,0.8,15.0,5.0
104,ISL,Iceland,Europe,Nordic Countries,103000.0,1944.0,279000,79.4,8255.0,7474.0,Ísland,Republic,Ólafur Ragnar Grímsson,1449.0,IS,120178.0,1449.0,109184.0,1449.0,109184.0,1449.0,109184.0,95.7,95.7,0.0,1.0,2.0
105,ISR,Israel,Asia,Middle East,21056.0,1948.0,6217000,78.6,97477.0,98577.0,Yisra’el/Isra’il,Republic,Moshe Katzav,1450.0,IL,218560.0,20391.0,2813000.0,1463.0,633700.0,1450.0,90300.0,90.0,63.1,8.9,14.0,3.0
106,ITA,Italy,Europe,Southern Europe,301316.0,1861.0,57680000,79.0,1161755.0,1145372.0,Italia,Republic,Carlo Azeglio Ciampi,1464.0,IT,2609907.0,86565.0,15087019.0,1521.0,2643581.0,1464.0,88987.0,99.6,94.1,0.2,58.0,8.0
107,JAM,Jamaica,North America,Caribbean,10990.0,1962.0,2583000,75.2,6871.0,6722.0,Jamaica,Constitutional Monarchy,Elisabeth II,1530.0,JM,26113.0,4590.0,314140.0,1531.0,110379.0,1529.0,99799.0,96.1,94.2,1.9,3.0,2.0
108,JOR,Jordan,Asia,Middle East,88946.0,1946.0,5083000,77.4,7526.0,7051.0,Al-Urdunn,Constitutional Monarchy,Abdullah II,1786.0,JO,105309.0,8940.0,1847677.0,1790.0,1000000.0,1786.0,89104.0,99.9,97.9,1.0,5.0,3.0
109,JPN,Japan,Asia,Eastern Asia,377829.0,-660.0,126714000,80.7,3787042.0,4192638.0,Nihon/Nippon,Constitutional Monarchy,Akihito,1532.0,JP,8359041.0,410564.0,77965107.0,1779.0,7980230.0,1532.0,91170.0,100.0,99.1,0.0,248.0,6.0
110,KAZ,Kazakstan,Asia,Southern and Central Asia,2724900.0,1991.0,16223000,63.2,24375.0,23383.0,Qazaqstan,Republic,Nursultan Nazarbajev,1864.0,KZ,2774522.0,39270.0,5484200.0,1880.0,1129400.0,1860.0,90000.0,93.1,46.0,2.0,21.0,6.0
111,KEN,Kenya,Africa,Eastern Africa,580367.0,1963.0,30080000,48.0,9217.0,10241.0,Kenya,Republic,Daniel arap Moi,1881.0,KE,601706.0,15076.0,3522793.0,1888.0,2290000.0,1881.0,91258.0,88.89999999999998,20.9,1.4,8.0,10.0
112,KGZ,Kyrgyzstan,Asia,Southern and Central Asia,199900.0,1991.0,4699000,63.4,1626.0,1767.0,Kyrgyzstan,Republic,Askar Akajev,2253.0,KG,205546.0,4507.0,812100.0,2254.0,589400.0,2253.0,222700.0,94.6,59.7,0.8,2.0,7.0
113,KHM,Cambodia,Asia,Southeast Asia,181035.0,1953.0,11168000,56.5,5121.0,5670.0,Kâmpuchéa,Constitutional Monarchy,Norodom Sihanouk,1800.0,KH,193626.0,5403.0,805055.0,1802.0,570155.0,1800.0,105100.0,99.6,88.6,2.4,3.0,4.0
114,KIR,Kiribati,Oceania,Micronesia,726.0,1979.0,83000,59.8,40.7,,Kiribati,Republic,Teburoro Tito,2256.0,KI,3022.7,4511.0,7281.0,2256.0,5055.0,2255.0,2226.0,99.4,98.9,0.5,2.0,2.0
115,KNA,Saint Kitts and Nevis,North America,Caribbean,261.0,1983.0,38000,70.7,299.0,,Saint Kitts and Nevis,Constitutional Monarchy,Elisabeth II,3064.0,KN,3624.0,3064.0,11600.0,3064.0,11600.0,3064.0,11600.0,100.0,100.0,0.0,1.0,2.0
116,KOR,South Korea,Asia,Eastern Asia,99434.0,1948.0,46844000,74.4,320749.0,442544.0,Taehan Min’guk (Namhan),Republic,Kim Dae-jung,2331.0,KR,865058.0,165585.0,38999893.0,2400.0,9981619.0,2331.0,92239.0,100.0,99.9,0.1,70.0,2.0
117,KWT,Kuwait,Asia,Middle East,17818.0,1961.0,1972000,76.1,27037.0,30373.0,Al-Kuwayt,Constitutional Monarchy (Emirate),Jabir al-Ahmad al-Jabir al-Sabah,2429.0,KW,77657.0,7284.0,261252.0,2429.0,130215.0,2427.0,28859.0,78.1,78.1,0.0,3.0,2.0
118,LAO,Laos,Asia,Southeast Asia,236800.0,1953.0,5433000,53.1,1292.0,1746.0,Lao,Republic,Khamtay Siphandone,2432.0,LA,242270.0,4865.0,628452.0,2433.0,531800.0,2432.0,96652.0,96.7,67.2,5.2,2.0,4.0
119,LBN,Lebanon,Asia,Middle East,10400.0,1941.0,3282000,71.3,17121.0,15129.0,Lubnan,Republic,Émile Lahoud,2438.0,LB,45088.0,4877.0,1340000.0,2439.0,1100000.0,2438.0,240000.0,98.9,93.0,0.0,2.0,3.0
120,LBR,Liberia,Africa,Western Africa,111369.0,1847.0,3154000,51.0,2012.0,,Liberia,Republic,Charles Taylor,2440.0,LR,115821.0,2440.0,850000.0,2440.0,850000.0,2440.0,850000.0,75.3,19.5,5.1,1.0,8.0
121,LBY,Libyan Arab Jamahiriya,Africa,Northern Africa,1759540.0,1951.0,5605000,75.5,44806.0,40562.0,Libiya,Socialistic State,Muammar al-Qadhafi,2441.0,LY,1847349.0,9770.0,2697007.0,2444.0,1682000.0,2441.0,89338.0,97.0,96.0,1.0,4.0,2.0
122,LCA,Saint Lucia,North America,Caribbean,622.0,1979.0,154000,72.3,571.0,,Saint Lucia,Constitutional Monarchy,Elisabeth II,3065.0,LC,4258.0,3065.0,2301.0,3065.0,2301.0,3065.0,2301.0,100.0,80.0,20.0,1.0,2.0
123,LIE,Liechtenstein,Europe,Western Europe,160.0,1806.0,32300,78.8,1119.0,1084.0,Liechtenstein,Constitutional Monarchy,Hans-Adam II,2446.0,LI,4809.0,4891.0,10389.0,2446.0,5346.0,2445.0,5043.0,94.0,89.0,2.5,2.0,3.0
124,LKA,Sri Lanka,Asia,Southern and Central Asia,65610.0,1948.0,18827000,71.8,15706.0,15091.0,Sri Lanka/Ilankai,Republic,Chandrika Kumaratunga,3217.0,LK,99624.0,22540.0,1545000.0,3223.0,645000.0,3217.0,100000.0,99.5,60.3,19.6,7.0,3.0
125,LSO,Lesotho,Africa,Southern Africa,30355.0,1966.0,2153000,50.8,1061.0,1161.0,Lesotho,Constitutional Monarchy,Letsie III,2437.0,LS,35014.0,2437.0,297000.0,2437.0,297000.0,2437.0,297000.0,100.0,85.0,0.0,1.0,3.0
126,LTU,Lithuania,Europe,Baltic Countries,65301.0,1991.0,3698500,69.1,10692.0,9585.0,Lietuva,Republic,Valdas Adamkus,2447.0,LT,88025.0,12245.0,1473317.0,2451.0,577969.0,2447.0,133695.0,99.2,81.6,1.1,5.0,5.0
127,LUX,Luxembourg,Europe,Western Europe,2586.0,1867.0,435700,77.1,16321.0,15519.0,Luxembourg/Lëtzebuerg,Constitutional Monarchy,Henri,2452.0,LU,36878.0,2452.0,80700.0,2452.0,80700.0,2452.0,80700.0,88.5,64.4,2.3,1.0,5.0
128,LVA,Latvia,Europe,Baltic Countries,64589.0,1991.0,2424200,68.4,6398.0,5639.0,Latvija,Republic,Vaira Vike-Freiberga,2434.0,LV,79060.0,7305.0,968596.0,2436.0,764328.0,2434.0,89439.0,97.9,55.1,1.2,3.0,6.0
129,MAC,Macao,Asia,Eastern Asia,18.0,,473000,81.6,5749.0,5940.0,Macau/Aomen,Special Administrative Region of China,Jiang Zemin,2454.0,MO,14161.0,2454.0,437500.0,2454.0,437500.0,2454.0,437500.0,89.6,85.6,0.5,1.0,4.0
130,MAR,Morocco,Africa,Northern Africa,446550.0,1956.0,28351000,69.1,36124.0,33514.0,Al-Maghrib,Constitutional Monarchy,Mohammed VI,2486.0,MA,518674.0,54901.0,8757562.0,2506.0,2940623.0,2485.0,90400.0,98.0,65.0,33.0,22.0,2.0
131,MCO,Monaco,Europe,Western Europe,1.5,1861.0,34000,78.8,776.0,,Monaco,Constitutional Monarchy,Rainier III,2695.0,MC,3472.5,5389.0,14388.0,2695.0,13154.0,2694.0,1234.0,80.6,41.9,6.5,2.0,4.0
132,MDA,Moldova,Europe,Eastern Europe,33851.0,1991.0,4380000,64.5,1579.0,1872.0,Moldova,Republic,Vladimir Voronin,2690.0,MD,39992.0,10766.0,1193300.0,2693.0,719900.0,2690.0,125700.0,98.5,61.9,1.6,4.0,5.0
133,MDG,Madagascar,Africa,Eastern Africa,587041.0,1960.0,15942000,55.0,3750.0,3545.0,Madagasikara/Madagascar,Federal Republic,Didier Ratsiraka,2455.0,MG,596791.0,12285.0,1123161.0,2459.0,675669.0,2455.0,99005.0,98.9,98.9,0.0,5.0,2.0
134,MDV,Maldives,Asia,Southern and Central Asia,298.0,1965.0,286000,62.2,199.0,,Dhivehi Raajje/Maldives,Republic,Maumoon Abdul Gayoom,2463.0,MV,2960.0,2463.0,71000.0,2463.0,71000.0,2463.0,71000.0,100.0,100.0,0.0,1.0,2.0
135,MEX,Mexico,North America,Central America,1958201.0,1810.0,98881000,71.5,414972.0,401461.0,México,Federal Republic,Vicente Fox Quesada,2515.0,MX,2777149.0,449973.0,59752521.0,2687.0,8591309.0,2515.0,89143.0,96.59999999999998,92.1,0.4,173.0,6.0
136,MHL,Marshall Islands,Oceania,Micronesia,181.0,1990.0,64000,65.5,97.0,,Marshall Islands/Majol,Republic,Kessai Note,2507.0,MH,2785.0,2507.0,28000.0,2507.0,28000.0,2507.0,28000.0,96.8,96.8,0.0,1.0,2.0
137,MKD,Macedonia,Europe,Southern Europe,25713.0,1991.0,2024000,73.8,1694.0,1915.0,Makedonija,Republic,Boris Trajkovski,2460.0,MK,31782.0,2460.0,444299.0,2460.0,444299.0,2460.0,444299.0,97.7,66.5,2.0,1.0,5.0
138,MLI,Mali,Africa,Western Africa,1240192.0,1960.0,11234000,46.7,2642.0,2453.0,Mali,Republic,Alpha Oumar Konaré,2482.0,ML,1247769.0,2482.0,809552.0,2482.0,809552.0,2482.0,809552.0,80.60000000000002,31.8,6.9,1.0,6.0
139,MLT,Malta,Europe,Southern Europe,316.0,1964.0,380200,77.9,3512.0,3338.0,Malta,Republic,Guido de Marco,2484.0,MT,9650.0,4967.0,28518.0,2484.0,21445.0,2483.0,7073.0,97.9,95.8,2.1,2.0,2.0
140,MMR,Myanmar,Asia,Southeast Asia,676578.0,1948.0,45611000,54.9,180375.0,171028.0,Myanma Pye,Republic,kenraali Than Shwe,2710.0,MM,1030691.0,43480.0,6203000.0,2725.0,3361700.0,2710.0,94800.0,94.60000000000002,69.0,0.4,16.0,8.0
141,MNG,Mongolia,Asia,Eastern Asia,1566500.0,1921.0,2662000,67.3,1043.0,933.0,Mongol Uls,Republic,Natsagiin Bagabandi,2696.0,MN,1571172.0,2696.0,773700.0,2696.0,773700.0,2696.0,773700.0,92.4,78.8,1.4,1.0,6.0
142,MNP,Northern Mariana Islands,Oceania,Micronesia,464.0,,78000,75.5,0.0,,Northern Mariana Islands,Commonwealth of the US,George W. Bush,2913.0,MP,3377.0,2913.0,9200.0,2913.0,9200.0,2913.0,9200.0,87.3,34.1,4.8,1.0,6.0
143,MOZ,Mozambique,Africa,Eastern Africa,801590.0,1975.0,19680000,37.5,2891.0,2711.0,Moçambique,Republic,Joaquím A. Chissano,2698.0,MZ,809890.0,32442.0,3143145.0,2709.0,1018938.0,2698.0,93985.0,86.1,27.8,3.3,12.0,10.0
144,MRT,Mauritania,Africa,Western Africa,1025520.0,1960.0,2670000,50.8,998.0,1081.0,Muritaniya/Mauritanie,Republic,Maaouiya Ould Sid´Ahmad Taya,2509.0,MR,1030108.0,5019.0,764900.0,2510.0,667300.0,2509.0,97600.0,98.8,81.7,1.2,2.0,6.0
145,MSR,Montserrat,North America,Caribbean,102.0,,11000,78.0,109.0,,Montserrat,Dependent Territory of the UK,Elisabeth II,2697.0,MS,2908.0,2697.0,2000.0,2697.0,2000.0,2697.0,2000.0,0.0,0.0,0.0,1.0,1.0
146,MTQ,Martinique,North America,Caribbean,1102.0,,395000,78.3,2731.0,2559.0,Martinique,Overseas Department of France,Jacques Chirac,2508.0,MQ,8900.0,2508.0,94050.0,2508.0,94050.0,2508.0,94050.0,96.6,96.6,0.0,1.0,2.0
147,MUS,Mauritius,Africa,Eastern Africa,2040.0,1968.0,1158000,71.0,4251.0,4186.0,Mauritius,Republic,Cassam Uteem,2511.0,MU,12988.0,7536.0,337280.0,2513.0,138200.0,2511.0,98464.0,97.8,70.6,0.7,3.0,6.0
148,MWI,Malawi,Africa,Eastern Africa,118484.0,1964.0,10925000,37.6,1687.0,2527.0,Malawi,Republic,Bakili Muluzi,2462.0,MW,125160.0,4923.0,914119.0,2462.0,478155.0,2461.0,435964.0,96.6,58.3,6.7,2.0,4.0
149,MYS,Malaysia,Asia,Southeast Asia,329758.0,1957.0,22244000,70.8,69213.0,97884.0,Malaysia,"Constitutional Monarchy, Federation",Salahuddin Abdul Aziz Shah Alhaj,2464.0,MY,499319.0,44505.0,4605141.0,2481.0,1297526.0,2464.0,102019.0,76.80000000000003,58.4,1.1,18.0,6.0
150,MYT,Mayotte,Africa,Eastern Africa,373.0,,149000,59.5,0.0,,Mayotte,Territorial Collectivity of France,Jacques Chirac,2514.0,YT,2887.0,2514.0,12000.0,2514.0,12000.0,2514.0,12000.0,78.30000000000003,41.9,16.1,1.0,3.0
151,NAM,Namibia,Africa,Southern Africa,824292.0,1990.0,1726000,42.5,3101.0,3384.0,Namibia,Republic,Sam Nujoma,2726.0,,833503.0,2726.0,169000.0,2726.0,169000.0,2726.0,169000.0,97.8,50.7,0.9,1.0,8.0
152,NCL,New Caledonia,Oceania,Melanesia,18575.0,,214000,72.8,3563.0,,Nouvelle-Calédonie,Nonmetropolitan Territory of France,Jacques Chirac,3493.0,NC,25631.0,3493.0,76293.0,3493.0,76293.0,3493.0,76293.0,91.29999999999998,45.4,11.6,1.0,3.0
153,NER,Niger,Africa,Western Africa,1267000.0,1960.0,10730000,41.3,1706.0,1580.0,Niger,Republic,Mamadou Tandja,2738.0,NE,1273024.0,8217.0,653857.0,2740.0,420000.0,2738.0,112965.0,98.8,53.1,4.4,3.0,5.0
154,NFK,Norfolk Island,Oceania,Australia and New Zealand,36.0,,2000,,0.0,,Norfolk Island,Territory of Australia,Elisabeth II,2806.0,NF,2842.0,2806.0,800.0,2806.0,800.0,2806.0,800.0,0.0,0.0,0.0,1.0,1.0
155,NGA,Nigeria,Africa,Western Africa,923768.0,1960.0,111506000,51.6,65707.0,58623.0,Nigeria,Federal Republic,Olusegun Obasanjo,2754.0,NG,1050852.0,177440.0,17366900.0,2804.0,1518000.0,2741.0,101000.0,90.6,21.4,1.6,64.0,10.0
156,NIC,Nicaragua,North America,Central America,130000.0,1838.0,5074000,68.7,1988.0,2023.0,Nicaragua,Republic,Arnoldo Alemán Lacayo,2734.0,NI,136745.0,10942.0,1269223.0,2737.0,959000.0,2734.0,88971.0,99.9,97.6,0.2,4.0,4.0
157,NIU,Niue,Oceania,Polynesia,260.0,,2000,,0.0,,Niue,Nonmetropolitan Territory of New Zealand,Elisabeth II,2805.0,NU,3065.0,2805.0,682.0,2805.0,682.0,2805.0,682.0,0.0,0.0,0.0,1.0,2.0
158,NLD,Netherlands,Europe,Western Europe,41526.0,1581.0,15864000,78.3,371362.0,360478.0,Nederland,Constitutional Monarchy,Beatrix,5.0,NL,773371.0,518.0,5180049.0,32.0,731200.0,5.0,92713.0,101.0,95.6,0.8,28.0,4.0
159,NOR,Norway,Europe,Nordic Countries,323877.0,1905.0,4478500,78.7,145895.0,153370.0,Norge,Constitutional Monarchy,Harald V,2807.0,NO,625949.0,14045.0,1100028.0,2811.0,508726.0,2807.0,101340.0,97.8,96.6,0.0,5.0,5.0
160,NPL,Nepal,Asia,Southern and Central Asia,147181.0,1769.0,23930000,57.8,4768.0,4837.0,Nepal,Constitutional Monarchy,Gyanendra Bir Bikram,2729.0,NP,159515.0,13655.0,1132403.0,2733.0,591835.0,2729.0,90639.0,86.80000000000003,50.4,3.0,5.0,7.0
161,NRU,Nauru,Oceania,Micronesia,21.0,1968.0,12000,60.8,197.0,,Naoero/Nauru,Republic,Bernard Dowiyogo,2728.0,NR,2946.0,5455.0,4609.0,2728.0,4050.0,2727.0,559.0,99.9,57.5,7.5,2.0,5.0
162,NZL,New Zealand,Oceania,Australia and New Zealand,270534.0,1907.0,3862000,77.8,54669.0,64960.0,New Zealand/Aotearoa,Constitutional Monarchy,Elisabeth II,3499.0,NZ,393662.0,31482.0,1847600.0,3502.0,381800.0,3494.0,98100.0,91.3,87.0,4.3,9.0,2.0
163,OMN,Oman,Asia,Middle East,309500.0,1951.0,2542000,71.8,16904.0,16153.0,´Uman,Monarchy (Sultanate),Qabus ibn Sa´id,2821.0,OM,345378.0,14095.0,537096.0,2821.0,155000.0,2817.0,51969.0,76.7,76.7,0.0,5.0,2.0
164,PAK,Pakistan,Asia,Southern and Central Asia,796095.0,1947.0,156483000,61.1,61289.0,58549.0,Pakistan,Republic,Mohammad Rafiq Tarar,2831.0,PK,918764.0,168209.0,31546745.0,2880.0,9269265.0,2822.0,89400.0,97.1,48.2,1.2,59.0,8.0
165,PAN,Panama,North America,Central America,75517.0,1903.0,2856000,75.5,9131.0,8700.0,Panamá,Republic,Mireya Elisa Moscoso Rodríguez,2882.0,PA,96230.0,5765.0,786755.0,2883.0,471373.0,2882.0,315382.0,99.3,76.8,0.6,2.0,6.0
166,PCN,Pitcairn,Oceania,Polynesia,49.0,,50,,0.0,,Pitcairn,Dependent Territory of the UK,Elisabeth II,2912.0,PN,2961.0,2912.0,42.0,2912.0,42.0,2912.0,42.0,0.0,0.0,0.0,1.0,1.0
167,PER,Peru,South America,South America,1285216.0,1821.0,25662000,70.0,64140.0,65186.0,Perú/Piruw,Republic,Valentin Paniagua Corazao,2890.0,PE,1417432.0,63811.0,12147242.0,2911.0,6464693.0,2890.0,90642.0,98.5,79.8,2.3,22.0,3.0
168,PHL,Philippines,Asia,Southeast Asia,300000.0,1946.0,75967000,67.5,65107.0,82239.0,Pilipinas,Republic,Gloria Macapagal-Arroyo,766.0,PH,448112.0,113220.0,30934791.0,900.0,2173831.0,765.0,90603.0,88.0,29.3,1.3,136.0,10.0
169,PLW,Palau,Oceania,Micronesia,459.0,1994.0,19000,68.6,105.0,,Belau/Palau,Republic,Kuniwo Nakamura,2881.0,PW,3445.0,2881.0,12000.0,2881.0,12000.0,2881.0,12000.0,96.2,82.2,1.6,1.0,4.0
170,PNG,Papua New Guinea,Oceania,Melanesia,462840.0,1975.0,4807000,63.1,4988.0,6328.0,Papua New Guinea/Papua Niugini,Constitutional Monarchy,Elisabeth II,2884.0,PG,477040.0,2884.0,247000.0,2884.0,247000.0,2884.0,247000.0,98.1,78.1,20.0,1.0,2.0
171,POL,Poland,Europe,Eastern Europe,323250.0,1918.0,38653600,73.2,151697.0,135636.0,Polska,Republic,Aleksander Kwasniewski,2928.0,PL,613511.0,129778.0,11687431.0,2971.0,1615369.0,2928.0,93901.0,100.0,97.6,0.5,44.0,4.0
172,PRI,Puerto Rico,North America,Caribbean,8875.0,,3869000,75.6,34100.0,32100.0,Puerto Rico,Commonwealth of the US,George W. Bush,2919.0,PR,77994.0,26307.0,1564174.0,2927.0,434374.0,2919.0,94085.0,98.7,51.3,47.4,9.0,2.0
173,PRK,North Korea,Asia,Eastern Asia,120538.0,1948.0,24039000,70.7,5332.0,,Choson Minjujuui In´min Konghwaguk (Bukhan),Socialistic Republic,Kim Jong-il,2318.0,KP,128188.0,30212.0,6476751.0,2330.0,2484000.0,2318.0,171500.0,100.0,99.9,0.1,13.0,2.0
174,PRT,Portugal,Europe,Southern Europe,91982.0,1143.0,9997600,75.8,105954.0,102133.0,Portugal,Republic,Jorge Sampãio,2914.0,PT,302983.0,14580.0,1145011.0,2918.0,563210.0,2914.0,90535.0,99.0,99.0,99.0,5.0,1.0
175,PRY,Paraguay,South America,South America,406752.0,1811.0,5496000,73.7,8444.0,9555.0,Paraguay,Republic,Luis Ángel González Macchi,2885.0,PY,427636.0,14435.0,1020020.0,2889.0,557776.0,2885.0,95287.0,99.3,55.1,0.9,5.0,4.0
176,PSE,Palestine,Asia,Middle East,6257.0,,3101000,71.4,4173.0,,Filastin,Autonomous Area,Yasser (Yasir) Arafat,4074.0,PS,14504.0,24459.0,902360.0,4079.0,353632.0,4074.0,92020.0,100.0,95.9,4.1,6.0,2.0
177,PYF,French Polynesia,Oceania,Polynesia,4000.0,,235000,74.8,818.0,781.0,Polynésie française,Nonmetropolitan Territory of France,Jacques Chirac,3016.0,PF,8615.0,6031.0,51441.0,3016.0,25888.0,3015.0,25553.0,90.1,46.4,2.9,2.0,3.0
178,QAT,Qatar,Asia,Middle East,11000.0,1971.0,599000,72.4,9472.0,8920.0,Qatar,Monarchy,Hamad ibn Khalifa al-Thani,2973.0,QA,32365.0,2973.0,355000.0,2973.0,355000.0,2973.0,355000.0,40.7,40.7,0.0,1.0,2.0
179,REU,Réunion,Africa,Eastern Africa,2510.0,,699000,72.7,8287.0,7988.0,Réunion,Overseas Department of France,Jacques Chirac,3017.0,RE,21802.0,3017.0,131480.0,3017.0,131480.0,3017.0,131480.0,98.5,91.5,0.0,1.0,5.0
180,ROM,Romania,Europe,Eastern Europe,238391.0,1878.0,22455500,69.9,38158.0,34843.0,România,Republic,Ion Iliescu,3018.0,RO,314410.0,87928.0,7469006.0,3046.0,2016131.0,3018.0,93976.0,99.4,90.7,0.1,29.0,6.0
181,RUS,Russian Federation,Europe,Eastern Europe,17075400.0,1991.0,146934000,67.2,276608.0,442989.0,Rossija,Federal Republic,Vladimir Putin,3580.0,RU,17798577.0,694386.0,69150700.0,3768.0,8389200.0,3580.0,89800.0,95.6,86.6,0.3,189.0,12.0
182,RWA,Rwanda,Africa,Eastern Africa,26338.0,1962.0,7733000,39.3,2036.0,1863.0,Rwanda/Urwanda,Republic,Paul Kagame,3047.0,RW,33284.0,3047.0,286000.0,3047.0,286000.0,3047.0,286000.0,100.0,100.0,0.0,1.0,2.0
183,SAU,Saudi Arabia,Asia,Middle East,2149690.0,1932.0,21607000,67.8,137635.0,146171.0,Al-´Arabiya as-Sa´udiya,Monarchy,Fahd ibn Abdul-Aziz al-Sa´ud,3173.0,SA,2436669.0,76428.0,10636700.0,3196.0,3324000.0,3173.0,91000.0,95.0,95.0,95.0,24.0,1.0
184,SDN,Sudan,Africa,Northern Africa,2505813.0,1956.0,29490000,56.6,10162.0,,As-Sudan,Islamic Republic,Omar Hassan Ahmad al-Bashir,3225.0,SD,2519200.0,38754.0,4752187.0,3235.0,1271403.0,3224.0,114980.0,90.8,49.4,1.5,12.0,10.0
185,SEN,Senegal,Africa,Western Africa,196722.0,1960.0,9481000,62.2,4787.0,4542.0,Sénégal/Sounougal,Republic,Abdoulaye Wade,3198.0,SN,209249.0,28809.0,2770458.0,3205.0,855287.0,3197.0,99400.0,92.4,48.1,1.3,9.0,6.0
186,SGP,Singapore,Asia,Southeast Asia,618.0,1965.0,3567000,80.1,86503.0,96318.0,Singapore/Singapura/Xinjiapo/Singapur,Republic,Sellapan Rama Nathan,3208.0,SG,186647.0,3208.0,4017733.0,3208.0,4017733.0,3208.0,4017733.0,98.6,77.1,7.4,1.0,3.0
187,SGS,South Georgia and the South Sandwich Islands,Antarctica,Antarctica,3903.0,,0,,0.0,,South Georgia and the South Sandwich Islands,Dependent Territory of the UK,Elisabeth II,,GS,3903.0,0.0,0.0,0.0,0.0,0.0,0.0,0.0,0.0,0.0,0.0,0.0
188,SHN,Saint Helena,Africa,Western Africa,314.0,,6000,76.8,0.0,,Saint Helena,Dependent Territory of the UK,Elisabeth II,3063.0,SH,3377.0,3063.0,1500.0,3063.0,1500.0,3063.0,1500.0,0.0,0.0,0.0,1.0,1.0
189,SJM,Svalbard and Jan Mayen,Europe,Nordic Countries,62422.0,,3200,,0.0,,Svalbard og Jan Mayen,Dependent Territory of Norway,Harald V,938.0,SJ,63360.0,938.0,1438.0,938.0,1438.0,938.0,1438.0,0.0,0.0,0.0,1.0,2.0
190,SLB,Solomon Islands,Oceania,Melanesia,28896.0,1978.0,444000,71.3,182.0,220.0,Solomon Islands,Constitutional Monarchy,Elisabeth II,3161.0,SB,32459.0,3161.0,50100.0,3161.0,50100.0,3161.0,50100.0,98.0,85.6,3.8,1.0,3.0
191,SLE,Sierra Leone,Africa,Western Africa,71740.0,1961.0,4854000,45.3,746.0,858.0,Sierra Leone,Republic,Ahmed Tejan Kabbah,3207.0,SL,76551.0,3207.0,850000.0,3207.0,850000.0,3207.0,850000.0,94.4,34.8,3.4,1.0,8.0
192,SLV,El Salvador,North America,Central America,21041.0,1841.0,6276000,69.7,11863.0,11203.0,El Salvador,Republic,Francisco Guillermo Flores Pérez,645.0,SV,44752.0,4536.0,1138231.0,651.0,415346.0,645.0,88800.0,100.0,100.0,0.0,7.0,2.0
193,SMR,San Marino,Europe,Southern Europe,61.0,885.0,27000,81.1,510.0,,San Marino,Republic,,3171.0,SM,3742.0,6341.0,7096.0,3171.0,4802.0,3170.0,2294.0,100.0,100.0,100.0,2.0,1.0
194,SOM,Somalia,Africa,Eastern Africa,637657.0,1960.0,10097000,46.2,935.0,,Soomaaliya,Republic,Abdiqassim Salad Hassan,3214.0,SO,641806.0,9645.0,1177000.0,3216.0,997000.0,3214.0,90000.0,98.3,98.3,0.0,3.0,2.0
195,SPM,Saint Pierre and Miquelon,North America,North America,242.0,,7000,77.6,0.0,,Saint-Pierre-et-Miquelon,Territorial Collectivity of France,Jacques Chirac,3067.0,PM,3309.0,3067.0,5808.0,3067.0,5808.0,3067.0,5808.0,0.0,0.0,0.0,1.0,1.0
196,STP,Sao Tome and Principe,Africa,Central Africa,964.0,1975.0,147000,65.3,6.0,,São Tomé e Príncipe,Republic,Miguel Trovoada,3172.0,ST,4142.0,3172.0,49541.0,3172.0,49541.0,3172.0,49541.0,87.0,86.3,0.7,1.0,2.0
197,SUR,Suriname,South America,South America,163265.0,1975.0,417000,71.4,870.0,706.0,Suriname,Republic,Ronald Venetiaan,3243.0,SR,168084.0,3243.0,112000.0,3243.0,112000.0,3243.0,112000.0,81.0,81.0,0.0,1.0,2.0
198,SVK,Slovakia,Europe,Eastern Europe,49012.0,1993.0,5398700,73.7,20594.0,19452.0,Slovensko,Republic,Rudolf Schuster,3209.0,SK,92267.0,9630.0,784143.0,3211.0,448292.0,3209.0,93977.0,99.5,85.6,0.6,3.0,5.0
199,SVN,Slovenia,Europe,Southern Europe,20256.0,1991.0,1987800,74.9,19756.0,18202.0,Slovenija,Republic,Milan Kucan,3212.0,SI,61426.0,6425.0,386518.0,3213.0,270986.0,3212.0,115532.0,96.3,87.9,0.5,2.0,3.0
200,SWE,Sweden,Europe,Nordic Countries,449964.0,836.0,8861400,79.6,226492.0,227757.0,Sverige,Constitutional Monarchy,Carl XVI Gustaf,3048.0,SE,907261.0,45825.0,2891431.0,3062.0,750348.0,3048.0,90742.0,95.1,89.5,0.5,15.0,6.0
201,SWZ,Swaziland,Africa,Southern Africa,17364.0,1968.0,1008000,40.4,1206.0,1312.0,kaNgwane,Monarchy,Mswati III,3244.0,SZ,23126.0,3244.0,61000.0,3244.0,61000.0,3244.0,61000.0,91.9,89.9,2.0,1.0,2.0
202,SYC,Seychelles,Africa,Eastern Africa,455.0,1976.0,77000,70.4,536.0,539.0,Sesel/Seychelles,Republic,France-Albert René,3206.0,SC,4736.0,3206.0,41000.0,3206.0,41000.0,3206.0,41000.0,96.4,91.3,1.3,1.0,3.0
203,SYR,Syria,Asia,Middle East,185180.0,1941.0,16125000,68.5,65984.0,64926.0,Suriya,Republic,Bashar al-Assad,3250.0,SY,319340.0,35805.0,4477784.0,3260.0,1347000.0,3250.0,91081.0,99.0,90.0,9.0,11.0,2.0
204,TCA,Turks and Caicos Islands,North America,Caribbean,430.0,,17000,73.3,96.0,,The Turks and Caicos Islands,Dependent Territory of the UK,Elisabeth II,3423.0,TC,3949.0,3423.0,4800.0,3423.0,4800.0,3423.0,4800.0,0.0,0.0,0.0,1.0,1.0
205,TCD,Chad,Africa,Central Africa,1284000.0,1960.0,7651000,50.5,1208.0,1102.0,Tchad/Tshad,Republic,Idriss Déby,3337.0,TD,1289647.0,6675.0,630465.0,3338.0,530965.0,3337.0,99500.0,88.60000000000002,27.7,6.2,2.0,8.0
206,TGO,Togo,Africa,Western Africa,56785.0,1960.0,4629000,54.7,1449.0,1400.0,Togo,Republic,Gnassingbé Eyadéma,3332.0,TG,62966.0,3332.0,375000.0,3332.0,375000.0,3332.0,375000.0,71.6,23.2,3.4,1.0,8.0
207,THA,Thailand,Asia,Southeast Asia,513115.0,1350.0,61399000,68.6,116416.0,153907.0,Prathet Thai,Constitutional Monarchy,Bhumibol Adulyadej,3320.0,TH,786758.0,39906.0,7953161.0,3331.0,6320174.0,3320.0,94100.0,97.6,52.6,1.1,12.0,6.0
208,TJK,Tajikistan,Asia,Southern and Central Asia,143100.0,1991.0,6188000,64.1,1990.0,1056.0,Toçikiston,Republic,Emomali Rahmonov,3261.0,TJ,149407.0,6523.0,685500.0,3262.0,524000.0,3261.0,161500.0,95.1,62.2,9.7,2.0,3.0
209,TKL,Tokelau,Oceania,Polynesia,12.0,,2000,,0.0,,Tokelau,Nonmetropolitan Territory of New Zealand,Elisabeth II,3333.0,TK,3345.0,3333.0,300.0,3333.0,300.0,3333.0,300.0,0.0,0.0,0.0,1.0,2.0
210,TKM,Turkmenistan,Asia,Southern and Central Asia,488100.0,1991.0,4459000,60.9,4397.0,2000.0,Türkmenostan,Republic,Saparmurad Nijazov,3419.0,TM,497916.0,13682.0,972600.0,3422.0,540600.0,3419.0,101000.0,94.6,76.7,2.0,4.0,4.0
211,TMP,East Timor,Asia,Southeast Asia,14874.0,,885000,46.0,0.0,,Timor Timur,Administrated by the UN,José Alexandre Gusmão,1522.0,TP,16396.0,1522.0,47900.0,1522.0,47900.0,1522.0,47900.0,0.0,0.0,0.0,1.0,2.0
212,TON,Tonga,Oceania,Polynesia,650.0,1970.0,99000,67.9,146.0,170.0,Tonga,Monarchy,Taufa'ahau Tupou IV,3334.0,TO,4300.0,3334.0,22400.0,3334.0,22400.0,3334.0,22400.0,98.3,98.3,0.0,1.0,2.0
213,TTO,Trinidad and Tobago,North America,Caribbean,5130.0,1962.0,1295000,68.0,6232.0,5867.0,Trinidad and Tobago,Republic,Arthur N. R. Robinson,3336.0,TT,20565.0,6671.0,99997.0,3336.0,56601.0,3335.0,43396.0,99.8,93.5,2.9,2.0,3.0
214,TUN,Tunisia,Africa,Northern Africa,163610.0,1956.0,9586000,73.7,20026.0,18898.0,Tunis/Tunisie,Republic,Zine al-Abidine Ben Ali,3349.0,TN,205883.0,26820.0,1798500.0,3356.0,690600.0,3349.0,106600.0,99.4,69.9,3.2,8.0,3.0
215,TUR,Turkey,Asia,Middle East,774815.0,1923.0,66591000,71.0,210721.0,189122.0,Türkiye,Republic,Ahmet Necdet Sezer,3358.0,TR,1178016.0,210025.0,28327028.0,3418.0,8787958.0,3357.0,90200.0,99.6,87.6,1.4,62.0,3.0
216,TUV,Tuvalu,Oceania,Polynesia,26.0,1978.0,12000,66.3,6.0,,Tuvalu,Constitutional Monarchy,Elisabeth II,3424.0,TV,3456.0,3424.0,4600.0,3424.0,4600.0,3424.0,4600.0,100.0,92.5,0.0,1.0,3.0
217,TWN,Taiwan,Asia,Eastern Asia,36188.0,1945.0,22256000,76.4,256254.0,263451.0,T’ai-wan,Republic,Chen Shui-bian,3263.0,TW,559156.0,137907.0,13569336.0,3304.0,2641312.0,3263.0,90000.0,99.1,66.7,0.3,42.0,6.0
218,TZA,Tanzania,Africa,Eastern Africa,883749.0,1961.0,33517000,52.3,8005.0,7388.0,Tanzania,Republic,Benjamin William Mkapa,3306.0,TZ,902448.0,33095.0,2944034.0,3314.0,1747000.0,3305.0,92800.0,75.5,21.1,3.5,10.0,11.0
219,UGA,Uganda,Africa,Eastern Africa,241038.0,1962.0,21778000,42.9,6313.0,6887.0,Uganda,Republic,Yoweri Museveni,3425.0,UG,257663.0,3425.0,890800.0,3425.0,890800.0,3425.0,890800.0,74.0,18.1,3.2,1.0,10.0
220,UKR,Ukraine,Europe,Eastern Europe,603700.0,1991.0,50456000,66.0,42168.0,49677.0,Ukrajina,Republic,Leonid Kutšma,3426.0,UA,698971.0,196878.0,20074000.0,3482.0,2624000.0,3426.0,89000.0,99.3,64.7,0.1,57.0,7.0
221,UMI,United States Minor Outlying Islands,Oceania,Micronesia/Caribbean,16.0,,0,,0.0,,United States Minor Outlying Islands,Dependent Territory of the US,George W. Bush,,UM,16.0,0.0,0.0,0.0,0.0,0.0,0.0,0.0,0.0,0.0,0.0,1.0
222,URY,Uruguay,South America,South America,175016.0,1828.0,3337000,75.2,20831.0,19967.0,Uruguay,Republic,Jorge Batlle Ibáñez,3492.0,UY,219306.0,3492.0,1236000.0,3492.0,1236000.0,3492.0,1236000.0,95.7,95.7,95.7,1.0,1.0
223,USA,United States,North America,North America,9363520.0,1776.0,278357000,77.1,8510700.0,8110900.0,United States,Federal Republic,George W. Bush,3813.0,US,25988933.0,1076683.0,78625774.0,4066.0,8008278.0,3793.0,89063.0,97.9,86.2,0.2,274.0,12.0
224,UZB,Uzbekistan,Asia,Southern and Central Asia,447400.0,1991.0,24318000,63.7,14194.0,21300.0,Uzbekiston,Republic,Islam Karimov,3503.0,UZ,486397.0,59687.0,5183900.0,3519.0,2117500.0,3503.0,109500.0,95.5,72.6,1.8,17.0,6.0
225,VAT,Holy See (Vatican City State),Europe,Southern Europe,0.4,1929.0,1000,,9.0,,Santa Sede/Città del Vaticano,Independent Church State,Johannes Paavali II,3538.0,VA,3547.4,3538.0,455.0,3538.0,455.0,3538.0,455.0,0.0,0.0,0.0,1.0,1.0
226,VCT,Saint Vincent and the Grenadines,North America,Caribbean,388.0,1979.0,114000,72.3,285.0,,Saint Vincent and the Grenadines,Constitutional Monarchy,Elisabeth II,3066.0,VC,3739.0,3066.0,17100.0,3066.0,17100.0,3066.0,17100.0,99.1,99.1,0.0,1.0,2.0
227,VEN,Venezuela,South America,South America,912050.0,1811.0,24170000,73.1,95023.0,88434.0,Venezuela,Federal Republic,Hugo Chávez Frías,3539.0,VE,1099046.0,145919.0,12251091.0,3579.0,1975294.0,3539.0,90000.0,97.4,96.9,0.1,41.0,3.0
228,VGB,"Virgin Islands, British",North America,Caribbean,151.0,,21000,75.4,612.0,573.0,British Virgin Islands,Dependent Territory of the UK,Elisabeth II,537.0,VG,1873.0,537.0,8000.0,537.0,8000.0,537.0,8000.0,0.0,0.0,0.0,1.0,1.0
229,VIR,"Virgin Islands, U.S.",North America,Caribbean,347.0,,93000,78.1,0.0,,Virgin Islands of the United States,US Territory,George W. Bush,4067.0,VI,4414.0,4067.0,13000.0,4067.0,13000.0,4067.0,13000.0,97.5,81.7,2.5,1.0,3.0
230,VNM,Vietnam,Asia,Southeast Asia,331689.0,1945.0,79832000,69.3,21929.0,22834.0,Viêt Nam,Socialistic Republic,Trân Duc Luong,3770.0,VN,380222.0,83149.0,9364813.0,3790.0,3980000.0,3769.0,97044.0,97.2,86.8,0.7,22.0,9.0
231,VUT,Vanuatu,Oceania,Melanesia,12189.0,1980.0,190000,60.6,261.0,246.0,Vanuatu,Republic,John Bani,3537.0,VU,16233.0,3537.0,33700.0,3537.0,33700.0,3537.0,33700.0,99.1,56.6,14.2,1.0,3.0
232,WLF,Wallis and Futuna,Oceania,Polynesia,200.0,,15000,,0.0,,Wallis-et-Futuna,Nonmetropolitan Territory of France,Jacques Chirac,3536.0,WF,3736.0,3536.0,1137.0,3536.0,1137.0,3536.0,1137.0,0.0,0.0,0.0,1.0,2.0
233,WSM,Samoa,Oceania,Polynesia,2831.0,1962.0,180000,69.2,141.0,157.0,Samoa,Parlementary Monarchy,Malietoa Tanumafili II,3169.0,WS,6298.0,3169.0,35900.0,3169.0,35900.0,3169.0,35900.0,100.1,52.0,0.6,1.0,3.0
234,YEM,Yemen,Asia,Middle East,527968.0,1918.0,18112000,59.8,6041.0,5729.0,Al-Yaman,Republic,Ali Abdallah Salih,1780.0,YE,541518.0,10695.0,1743700.0,1785.0,503600.0,1780.0,103300.0,99.6,99.6,0.0,6.0,2.0
235,YUG,Yugoslavia,Europe,Southern Europe,102173.0,1918.0,10640000,72.4,17000.0,,Jugoslavija,Federal Republic,Vojislav Koštunica,1792.0,YU,120965.0,14364.0,2189507.0,1799.0,1204000.0,1792.0,92303.0,97.7,75.2,0.5,8.0,6.0
236,ZAF,South Africa,Africa,Southern Africa,1221037.0,1910.0,40377000,51.1,116729.0,129092.0,South Africa,Republic,Thabo Mbeki,716.0,ZA,1467574.0,32274.0,15196370.0,755.0,2352121.0,712.0,89292.0,98.5,22.7,1.5,44.0,11.0
237,ZMB,Zambia,Africa,Eastern Africa,752618.0,1964.0,9169000,37.2,3377.0,3922.0,Zambia,Republic,Frederick Chiluba,3162.0,ZM,763079.0,22155.0,2473500.0,3168.0,1317000.0,3162.0,118100.0,64.89999999999999,29.7,4.3,7.0,6.0
238,ZWE,Zimbabwe,Africa,Eastern Africa,390757.0,1980.0,11669000,37.8,5951.0,8670.0,Zimbabwe,Republic,Robert G. Mugabe,4068.0,ZW,409446.0,24423.0,2730420.0,4073.0,1410000.0,4068.0,128037.0,92.7,72.1,2.2,6.0,4.0
